ABANDONMENT	544
ABATEMENT	644
ABDOMEN	556
ABILITY	453
ABODE	553
ABRIDGEMENT	644
ABSCESS	533
ABSOLUTION	608
ABUNDANCE	519
ABYSS	597
ACCELERATION	536
ACCIDENT	329
ACCOMMODATION	536
ACCORDANCE	544
ACCUMULATION	539
ACCUSER	511
ACIDITY	622
ACRE	411
ACT	319
ACTUALITY	586
ADDER	356
ADDITION	314
ADHERENCE	603
ADJOURNMENT	606
ADMINISTRATION	561
ADMISSION	458
ADOLESCENCE	597
ADULTERY	583
ADVENTURER	406
ADVICE	425
AERIAL	428
AFFECTION	467
AFFIRMATION	583
AFFRIGHT	656
AFTERNOON	281
AGE	258
AGENCY	553
AGGRESSOR	589
AGONY	461
AGUE	661
AIM	344
AIRSHIP	406
ALACRITY	678
ALBATROSS	528
ALCHEMIST	664
ALGAE	631
ALIAS	561
ALKALI	633
ALLEGATION	631
ALLEGORY	650
ALLOTMENT	486
ALLY	446
ALPHABET	244
ALTITUDE	534
ALUMINIUM	514
AMATEUR	522
AMBITION	483
AMENDMENT	597
AMETHYST	567
AMITY	656
AMOUNT	392
AMPLITUDE	650
ANALOGY	617
ANECDOTE	619
ANGEL	242
ANIMAL	222
ANKLE	264
ANNEX	536
ANNOUNCEMENT	464
ANSWER	294
ANTAGONISM	636
ANTEROOM	629
ANTICIPATION	572
ANTIQUE	439
ANYBODY	306
APARTMENT	522
APERTURE	639
APOLOGY	406
APPEAL	431
APPLE	211
APPOINTMENT	425
APPROACH	444
APPROVAL	469
APRICOT	386
ARBITER	664
ARCH	367
ARCHERY	433
AREA	392
ARISTOCRACY	569
ARM	192
ARMOUR	400
ARMY	317
ARRANGEMENT	489
ARRIVAL	394
ARTICLE	406
ARTIFICE	637
ASBESTOS	578
ASH	343
ASPECT	547
ASSEMBLE	417
ASSENT	575
ASSISTANCE	464
ASSORTMENT	408
ASTER	631
ASTROLABE	697
ASTRONOMY	489
ATHLETE	428
ATMOSPHERE	517
ATROCITY	589
ATTEMPT	392
ATTITUDE	481
AUDIENCE	425
AUDIT	642
AUNT	233
AURORA	636
AUTHOR	414
AUTOMOBILE	483
AUTUMN	278
AVENUE	372
AVIATOR	575
AVOWAL	642
AXE	311
BABE	303
BACK	225
BACKGROUND	400
BAG	217
BAGPIPE	377
BALANCE	367
BALL	150
BALLOT	539
BAND	236
BANKER	392
BARB	528
BARGAIN	394
BARN	289
BARON	472
BARREL	319
BASE	369
BASIN	250
BATH	172
BAY	336
BAYONET	500
BEAM	394
BEAST	319
BEAU	611
BEAUTY	344
BED	169
BEDROOM	206
BEEHIVE	344
BEGGAR	364
BEGINNING	311
BEHAVIOUR	400
BEING	383
BELIEF	447
BELOVED	453
BENCH	311
BENEFACTOR	600
BENZENE	675
BEQUEST	600
BERRY	289
BESIEGER	592
BET	364
BETRAYAL	492
BETTERMENT	569
BEWILDERMENT	522
BID	425
BILL	406
BIN	192
BIRD	206
BIRTH	328
BITE	214
BITTERNESS	497
BLADE	344
BLAME	328
BLANKET	211
BLESSING	392
BLOCK	244
BLOOD	253
BLOOM	403
BLUEBELL	303
BLUSH	378
BOAST	378
BOATSWAIN	578
BODY	267
BOLT	369
BOND	491
BOOK	214
BOOT	251
BOOTH	508
BORDER	417
BOSOM	489
BOTHER	322
BOUNDARY	472
BOW	271
BOWL	256
BOX	192
BRAIN	347
BRANCH	303
BRASS	414
BRAWL	494
BREAKFAST	233
BREATH	331
BREEZE	351
BRICK	261
BRIDGE	289
BRIGAND	589
BRIM	394
BRISTLE	383
BROCADE	592
BROOK	375
BROTHER	219
BROWNIE	381
BRUSH	214
BUBBLE	272
BUD	331
BUDGET	497
BUFFER	553
BUILDING	300
BULLDOG	394
BUNCH	317
BURDEN	474
BUREAU	461
BURIAL	446
BURN	217
BUSH	256
BUSINESS	436
BUTTER	206
BUTTON	192
CABINET	383
CACHE	614
CAGE	300
CAKE	214
CALCULUS	689
CALL	225
CALMNESS	453
CAMP	308
CANAL	350
CANDIDATE	578
CANDLELIGHT	419
CANOE	394
CANTEEN	436
CAPITAL	380
CAPITULATE	647
CAR	197
CARBOHYDRATE	611
CAREER	514
CARNAGE	628
CARRIAGE	367
CART	258
CARTILAGE	592
CASE	311
CASQUE	611
CASTOR	453
CATASTROPHE	525
CATFISH	411
CATTLE	261
CAUSE	408
CAVERN	433
CEDAR	425
CELLAR	361
CENT	433
CENTURY	414
CEREMONY	419
CERTIFICATE	439
CHAIN	311
CHALLENGE	456
CHAMPION	361
CHANNEL	411
CHAPEL	361
CHARACTER	464
CHARITY	433
CHARM	456
CHASSIS	589
CHATTERBOX	314
CHEEK	267
CHEESE	211
CHERRY	317
CHICKEN	250
CHILDHOOD	372
CHINK	458
CHLORINE	586
CHOP	317
CHOW	561
CHROME	528
CHRONOLOGY	631
CHURCH	278
CIDER	431
CIRCLE	214
CIRCUIT	494
CIRCUMSTANCE	519
CIVILIZATION	503
CLAIM	417
CLAMOUR	561
CLASH	422
CLASP	392
CLAY	358
CLEARANCE	547
CLEAVER	561
CLEVER	333
CLIFF	322
CLINK	392
CLOSE	283
CLOTHES	194
CLOVE	500
COACH	314
COAL	278
COAT	197
COCK	314
COFFEE	292
COFFER	603
COIF	694
COLD	183
COLLECTION	428
COLLEGIATE	653
COLOGNE	494
COLOURATION	561
COLUMN	436
COMBINATION	475
COMESTIBLE	664
COMMANDER	456
COMMENCEMENT	550
COMMERCIAL	525
COMMITTEE	517
COMMUNICATION	503
COMMUNITY	522
COMPANY	436
COMPATRIOT	572
COMPETITION	381
COMPLICATION	528
COMPLIMENT	506
COMPOSER	461
COMPRESSION	628
COMRADE	492
CONCERN	444
CONCERT	386
CONCLUSION	536
CONCURRENCE	644
CONDITION	461
CONE	275
CONFERENCE	539
CONFIDENCE	481
CONFLICT	497
CONFUSION	472
CONGRESS	575
CONJUGATION	633
CONSCIENCE	503
CONSEQUENCE	514
CONSERVATION	583
CONSIDERATION	494
CONSOLATION	519
CONSPIRATOR	556
CONSTITUTION	611
CONSTRUCTION	517
CONSUMMATION	658
CONTAMINATION	594
CONTENT	389
CONTINENT	453
CONTINUATION	492
CONTRACTION	592
CONTROL	411
CONVEYANCE	622
CONVOCATION	683
COOLNESS	428
COPPER	428
CORAL	434
CORE	344
CORKSCREW	419
CORNICE	653
CORPORATION	522
CORRESPONDENT	558
CORRIDOR	353
CORSE	622
COSTUME	392
COTTON	306
COUNCIL	464
COUNTERPANE	536
COUNTRY	329
COURAGE	419
COUSIN	278
COVER	289
COWL	592
CRAB	292
CRAFT	422
CRANE	350
CRAVEN	608
CREATURE	353
CREEPER	431
CREW	366
CRIME	383
CRITICISM	561
CROCK	517
CROOK	374
CROW	308
CRUCIFIX	475
CRUSH	339
CRYPT	539
CUBE	383
CUE	554
CULT	586
CUNNING	426
CURE	350
CURIOSITY	389
CURSE	450
CURVE	364
CUSTOMER	369
CUTTLE	600
CYNIC	619
CYST	628
DAD	125
DAIRY	331
DAMAGE	358
DAMSEL	406
DANGER	300
DARKNESS	242
DART	392
DATE	314
DAWN	350
DAYLIGHT	311
DEAL	381
DEBATE	564
DEBUT	564
DECEIT	519
DECISION	437
DECK	347
DECOMPOSITION	589
DECREE	583
DEER	281
DEFENCE	447
DEFIANCE	539
DEFINITION	567
DEGREE	508
DEITY	622
DELEGATION	611
DELIGHT	414
DELL	472
DELTA	554
DEMEANOUR	617
DEMONSTRATION	506
DENIAL	503
DENT	361
DEPARTMENT	494
DEPOSIT	483
DEPRESSION	550
DEPUTY	433
DERIVATION	611
DESCRIPTION	469
DESIGN	403
DESPAIR	458
DESPERATION	506
DESPOT	650
DESTRUCTION	497
DETECTIVE	377
DETESTATION	628
DEVELOPMENT	483
DEVICE	472
DEW	331
DEXTERITY	614
DIADEM	608
DIAMOND	339
DICTATION	494
DIET	442
DIFFERENCE	378
DIFFUSION	617
DIGNITY	522
DIMENSION	528
DINER	444
DIP	331
DIRECTION	381
DIRGE	606
DISAGREEMENT	503
DISC	447
DISCHARGE	531
DISCOLOURATION	606
DISCORD	611
DISCOVERY	414
DISCUSSION	522
DISGRACE	422
DISHONESTY	431
DISINFECTANT	433
DISLOCATION	561
DISMISSAL	494
DISPARAGEMENT	680
DISPLAY	400
DISPUTE	522
DISQUIET	617
DISSECTION	606
DISTANCE	344
DISTINCTION	511
DISTRESS	422
DITCH	292
DIVE	322
DIVIDEND	580
DIVISION	417
DOCK	367
DOG	169
DOLL	161
DOLT	608
DOMINATION	558
DOOR	214
DOORWAY	353
DORMITORY	466
DOT	219
DOUGH	369
DOWAGER	631
DOWRY	556
DOZEN	319
DRAIN	303
DRAPE	469
DREAD	467
DREAMER	350
DRESS	222
DRINK	211
DRIVER	283
DROVE	406
DRUG	464
DRYAD	681
DUCK	164
DUEL	408
DULLNESS	397
DUMP	333
DUNGHILL	483
DUSK	425
DWELLING	444
DYE	392
EARL	464
EARTH	317
EASE	428
EAVES	506
ECHO	356
EDGE	308
EDICT	628
EDUCATION	408
EDUCATOR	542
EFFECT	414
EFFORT	411
EGG	186
EIGHT	211
ELABORATION	578
ELBOW	237
ELECTION	528
ELECTRICITY	400
ELEPHANT	222
ELF	272
ELIMINATION	547
ELM	367
ELOPEMENT	600
EMANATION	661
EMANCIPATION	661
EMBELLISHMENT	633
EMBRACE	492
EMERGENCY	381
EMOTION	492
EMPEROR	440
EMPLOYMENT	492
EMULSION	542
ENCHANTER	533
ENCOUNTER	522
ENDEAVOUR	531
ENDOSPERM	697
ENEMY	367
ENGINEER	449
ENIGMA	649
ENLIGHTENMENT	592
ENSEMBLE	578
ENTERPRISE	558
ENTHUSIASM	522
ENTRANCE	372
ENUNCIATION	678
ENVY	431
EPICURE	660
EPITAPH	614
EQUANIMITY	678
EQUIPMENT	447
ERROR	425
ESCAPE	353
ESSAY	450
ESTABLISHMENT	526
ESTIMATE	503
ETHER	625
ETIQUETTE	619
EVACUATION	550
EVANGELIST	631
EVENING	303
EVERGREEN	422
EVIDENCE	480
EWE	378
EXAMINATION	458
EXASPERATION	578
EXCEPTION	472
EXCHANGE	443
EXCITEMENT	400
EXCUSE	356
EXECUTIVE	547
EXHAUST	429
EXPANSE	547
EXPEDITION	467
EXPERIENCE	464
EXPLANATION	444
EXPLORATION	423
EXPRESS	467
EXTENT	489
EXTERIOR	486
EXTRA	331
EXTREME	458
EYE	167
EYRIE	556
FACE	166
FACTOR	474
FAILURE	439
FAIRY	242
FALSEHOOD	531
FAMILY	280
FANE	639
FAREWELL	406
FARMYARD	261
FASHION	467
FAT	236
FATHERLAND	531
FAVOURITE	303
FAWN	394
FEAST	351
FEE	444
FEELING	339
FELLOW	378
FENCING	497
FERRY	378
FERVOUR	586
FEVER	358
FIDDLE	367
FIELDER	458
FIFTEEN	289
FIGHT	261
FILLING	347
FINANCE	522
FIND	272
FINISH	300
FIREWOOD	331
FISHERMAN	289
FISSURE	631
FLAG	258
FLAME	261
FLASH	314
FLAVOUR	342
FLEECE	367
FLESH	411
FLOCK	294
FLORA	569
FLOURISH	489
FLUE	561
FLUTTER	463
FLYER	406
FOE	453
FOLLOWING	394
FONT	547
FOOTBALL	233
FOOTSTEP	317
FORCE	372
FOREARM	436
FOREIGNER	447
FORELOCK	542
FOREST	297
FORFEIT	533
FORK	225
FORM	383
FORT	328
FORTIFICATION	561
FORTUNE	375
FOUNDATION	478
FOUNTAIN	389
FOX	283
FRAME	394
FRANCHISE	650
FRAUD	519
FREEDOM	425
FREIGHT	542
FRENZY	506
FRIAR	483
FRIENDSHIP	383
FRILL	383
FROG	258
FROST	264
FRUIT	219
FUDGE	278
FULLNESS	453
FUNCTION	511
FURNACE	428
FURY	417
FUTURE	414
GABARDINE	528
GAIN	389
GALLERY	442
GAME	242
GANG	336
GARDEN	186
GARMENT	453
GAS	339
GASP	367
GAUNTLET	511
GEESE	314
GENERATION	489
GENIUS	480
GENTLEMAN	347
GENTRY	556
GEOGRAPHY	450
GERM	319
GESTURE	494
GIANT	256
GIG	564
GINGERBREAD	300
GIRL	183
GIVER	392
GLARE	444
GLEAM	403
GLIMPSE	450
GLOBE	364
GLOVE	228
GLUT	550
GOAL	294
GODHEAD	614
GOLF	364
GONDOLA	508
GOODNESS	314
GORE	547
GOSPEL	444
GOVERNMENT	453
GRADE	417
GRADUATE	592
GRAMERCY	683
GRANDFATHER	214
GRANDMOTHER	208
GRAPE	297
GRAPHITE	586
GRAVE	339
GRAVY	269
GREED	294
GREEN	225
GREENNESS	375
GRIEF	450
GRIEVANCE	542
GRIP	325
GROAN	342
GROUND	258
GROVE	483
GROWTH	378
GUARD	344
GUESS	292
GUIDE	367
GULF	456
GUN	228
GUSH	453
GUY	358
HABIT	350
HADDOCK	389
HAIL	354
HALF	267
HALL	283
HALTER	511
HAMMER	278
HANDKERCHIEF	289
HANDMAID	508
HANK	583
HAPPINESS	333
HARBOUR	319
HARE	281
HARM	306
HARNESS	458
HARPSICHORD	511
HARVEST	322
HASTE	434
HATE	278
HAUL	456
HAVOC	469
HAY	297
HEAD	181
HEALTH	400
HEAP	319
HEART	281
HEAT	278
HEAVEN	272
HEDGE	306
HEIGHT	294
HELL	314
HELP	222
HEN	219
HENCHMAN	578
HERD	325
HERDSMAN	458
HERESY	628
HERO	361
HERRING	397
HESITATION	523
HIDE	256
HIERARCHY	633
HIGHWAY	436
HILL	256
HIND	469
HINT	408
HISTORY	369
HIVE	319
HOBBY	361
HOLD	267
HOLIDAY	258
HOME	233
HONEY	286
HONOUR	439
HOOF	306
HOP	289
HORN	308
HORROR	372
HOSE	314
HOSPITAL	319
HOTEL	308
HOUSEHOLD	414
HOWL	269
HOWLER	478
HUE	544
HUMAN	369
HUMANKIND	514
HUMOUR	417
HUMP	369
HUNGER	275
HUNTER	342
HURT	219
HUSH	246
HUZZA	667
HYGIENE	481
HYPOTHESIS	644
ICE	261
IDEAL	461
IDENTIFICATION	528
IDLENESS	503
IGNITION	500
ILLITERACY	578
ILLUSION	542
IMAGINATION	408
IMITATOR	503
IMMENSITY	567
IMMORTALITY	592
IMMUNITY	589
IMPATIENCE	425
IMPEDIMENT	619
IMPERFECTION	531
IMPERSONATION	522
IMPETUS	644
IMPORTANCE	406
IMPOSSIBLE	358
IMPRESSION	486
IMPRINT	542
IMPROVEMENT	442
IMPUNITY	664
INACTION	589
INAUGURATION	639
INCANTATION	656
INCIDENT	458
INCLINE	500
INCOME	506
INCONGRUITY	672
INCREASE	419
INCREDULITY	656
INCURSION	664
INDEPENDENCE	522
INDICATION	481
INDIGENOUS	658
INDISCRETION	631
INDIVIDUAL	454
INDOLENCE	651
INDUSTRY	492
INEFFICIENCY	560
INEXPERIENCE	536
INFALLIBILITY	639
INFANTRY	475
INFERNO	525
INFINITY	575
INFLUENCE	542
INFORMATION	397
INFRINGEMENT	633
INHABITANT	469
INHIBITION	617
INITIATION	597
INN	344
INNOCENCE	478
INOCULATION	531
INQUIRY	483
INSECT	283
INSIGHT	546
INSISTENCE	556
INSOLENCE	511
INSTANCE	471
INSTINCT	489
INSTITUTION	553
INSUFFICIENCY	589
INSURANCE	508
INTELLIGENCE	458
INTEMPERANCE	651
INTENTION	481
INTEREST	411
INTERIOR	481
INTERMISSION	522
INTERPOSITION	642
INTERRUPTION	442
INTERVIEW	494
INTIMATION	608
INTOXICATION	597
INTRODUCTION	481
INVADER	439
INVENTION	406
INVESTIGATION	486
INVITATION	361
IODINE	558
IRON	281
IRONY	606
IRREGULARITY	564
IRRIGATION	564
IRRITATION	508
ISLAND	289
ISSUE	472
ITEM	406
JACK	414
JADE	572
JANITOR	381
JAR	242
JAW	361
JEER	486
JERK	400
JERSEY	306
JEWEL	292
JINGLE	386
JOBBER	639
JOKE	289
JOLT	431
JOURNAL	447
JOY	342
JUDGEMENT	497
JUICE	250
JUMP	222
JUNIOR	356
JUSTICE	500
JUSTIFICATION	603
KALE	575
KEEL	500
KEEPER	392
KENNEL	322
KETTLE	274
KICK	228
KILT	300
KINDNESS	328
KINK	523
KITTEN	219
KNEE	231
KNITTING	286
KNOWLEDGE	477
KNUCKLE	356
LABOUR	506
LAD	306
LADY	231
LAMB	186
LAMP	283
LAND	286
LANE	261
LAP	263
LARCH	406
LARKSPUR	622
LATCH	386
LATTER	536
LAUGHTER	322
LAUNDRY	367
LAW	383
LAWYER	481
LEAD	400
LEADER	353
LEAK	336
LEARNING	322
LECTURE	536
LEEK	389
LEGALITY	572
LEGHORN	625
LEMON	280
LENGTH	322
LENS	475
LESSON	272
LETTER	256
LEVITY	631
LIAR	308
LIBERTY	528
LIE	250
LIEUTENANT	461
LIFT	311
LIGHTNING	331
LILY	317
LIME	378
LINE	275
LINEN	386
LION	244
LIQUID	343
LISP	486
LITERATURE	494
LIVER	353
LOAN	428
LOBBY	406
LOCK	328
LODGE	456
LOGIC	550
LOOK	225
LORD	342
LOSS	331
LOVE	303
LOWLAND	447
LOYALTY	497
LUCK	292
LUMBER	519
LUNCH	275
LUNGE	508
LUXURY	472
LYMPH	675
LYNX	511
MACARONI	381
MACHINERY	409
MACKEREL	436
MADMAN	417
MAGAZINE	353
MAGIC	281
MAGNESIUM	625
MAIDEN	429
MAIN	364
MAJORITY	531
MAKER	358
MALE	383
MALL	589
MANAGEMENT	508
MANGANESE	661
MANICURE	536
MANKIND	467
MANOR	419
MANUFACTURER	525
MARBLE	294
MARCH	269
MARGIN	403
MARKET	328
MARL	686
MARRIAGE	383
MARVEL	489
MASS	458
MAST	392
MATERIAL	378
MATERNITY	583
MATTER	411
MATURITY	553
MAYOR	436
MAZE	414
MEADOW	272
MEASURE	344
MECHANIC	433
MEDICINE	311
MEDIOCRITY	636
MEETING	356
MELEE	626
MEMBER	392
MEN	236
MENU	433
MERCHANT	408
MERIT	444
MERMAID	322
MESSENGER	383
METAL	308
METHOD	481
METHYLENE	681
MICA	626
MICROBE	622
MIDNIGHT	328
MIDSHIPMAN	575
MIGHT	400
MILE	314
MILITARY	428
MILLION	419
MILLSTONE	464
MINERAL	469
MINISTER	342
MINNOW	397
MINUTE	264
MIRROR	258
MISCHANCE	536
MISERY	450
MISMANAGEMENT	597
MIST	367
MISTRESS	517
MIXTURE	350
MOAN	328
MOCKER	547
MODERNIST	614
MOHAIR	583
MOLASSES	606
MOMENT	350
MONARCH	456
MONEY	247
MONOCLE	531
MONSOON	508
MONUMENT	444
MOONLIGHT	378
MORAL	539
MORASS	647
MORTAL	508
MORTAR	551
MOTHER	144
MOTIVE	511
MOTOR	344
MOUNTAIN	283
MOUSE	242
MOVIE	386
MUD	239
MULE	339
MULTITUDE	494
MURDER	381
MUSCLE	397
MUSIC	272
MUSSEL	414
MUTILATION	574
MUZZLE	461
MYSTERY	342
NAIL	272
NAMESAKE	519
NAPKIN	342
NARROWNESS	417
NATION	425
NATIVE	425
NATURE	342
NAVY	353
NECESSITY	511
NEEDLE	264
NEGLECT	467
NEIGHBOUR	323
NEIGHBOURHOOD	403
NERVE	480
NET	269
NEUTRALITY	597
NEWBORN	406
NEWSPAPER	292
NEWT	428
NICETY	569
NIGHT	222
NIGHTINGALE	419
NIP	303
NOB	475
NOD	203
NOMAD	511
NONSENSE	336
NORMAL	375
NOSE	206
NOTE	292
NOTICE	369
NOUN	414
NOVEL	475
NOZZLE	411
NUMBER	239
NURSE	256
NUTRIENT	611
OAK	311
OATH	408
OBJECT	339
OBLIVION	639
OBSERVATION	539
OBSERVER	486
OBSTRUCTION	542
OCCUPATION	489
OCEAN	317
ODOUR	461
OFFAL	633
OFFSHOOT	586
OIL	303
OLIVE	458
OMEN	558
ONION	286
ONSLAUGHT	600
OPENING	336
OPPORTUNITY	475
OPPOSITION	550
OPTIMISM	542
ORANGE	203
ORDER	344
ORGAN	356
ORIGIN	492
ORIGINALITY	500
ORNAMENT	303
OSCILLATION	667
OSTENTATION	653
OTTER	383
OUTBREAK	444
OUTFIT	417
OUTHOUSE	461
OUTPOST	481
OUTSET	509
OVEN	236
OVERCOAT	381
OVERLAP	444
OVERPRODUCTION	592
OVERSHOE	550
OVERTONE	589
OWL	269
OX	329
PACKAGE	364
PACT	531
PAGE	267
PAINTING	258
PALACE	294
PALETTE	542
PALM	333
PAMPAS	597
PANCREAS	656
PANOPLY	672
PAPER	229
PARADISE	456
PARALLELISM	647
PARDON	342
PARK	219
PARLIAMENT	508
PART	314
PARTICIPANT	575
PARTNER	344
PASSAGE	356
PASSENGER	378
PASTE	317
PASTURE	386
PATIENCE	403
PATIENT	366
PATTERN	319
PAUSE	414
PAYMENT	439
PEACH	292
PEASANT	419
PECK	300
PEDAL	306
PEEP	289
PELT	439
PENCIL	225
PENDULUM	422
PENNY	186
PEOPLE	281
PEPPER	269
PERCH	414
PERDITION	675
PERFORMANCE	457
PERIOD	458
PERMIT	458
PERPETRATOR	653
PERSECUTION	575
PERSONALITY	508
PERSONNEL	575
PERTURBATION	658
PEST	306
PET	219
PEW	431
PHAETON	689
PHIAL	653
PHILOLOGY	692
PHILOSOPHY	622
PHOTOGRAPH	317
PHYSICIAN	561
PIANO	253
PICTURE	219
PIG	233
PIGEON	325
PILLOW	217
PIN	261
PIONEER	497
PIPING	436
PIT	314
PITY	353
PLACE	269
PLAIN	361
PLANET	414
PLATFORM	386
PLAY	192
PLAZA	642
PLEASURE	394
PLENIPOTENTIARY	697
PLOT	422
PLUG	242
PLUNGE	406
POCKET	228
POETRY	386
POISON	364
POLISH	336
POLITICIAN	511
POLKA	571
POLYP	678
POND	239
POOL	239
POPULATION	469
PORCH	319
PORT	372
PORTION	411
POSITION	375
POSSESSION	469
POST	306
POT	217
POTATO	233
POUCH	367
POUND	308
PRACTICAL	489
PRAIRIE	433
PRAYER	269
PRECAUTION	525
PRECIPITATE	633
PRECURSOR	671
PREFERENCE	536
PRELUDE	572
PREPARATION	494
PRESENCE	456
PRESIDENT	458
PRESSURE	444
PRETENCE	500
PREY	439
PRIEST	411
PRIMARY	297
PRINCIPAL	525
PRINCIPLE	533
PRISONER	361
PROBLEM	367
PROCESSION	414
PRODUCE	431
PRODUCTION	486
PROFESSIONAL	494
PROFESSOR	519
PROFITEER	636
PROGRAMME	332
PROJECTILE	597
PROMENADE	467
PRONG	439
PROOF	456
PROPERTY	447
PROPORTION	511
PROPRIETOR	561
PROSPERITY	567
PROTECTION	461
PROTEST	475
PROVENDER	683
PROVISION	508
PROW	583
PRUNE	347
PSYCHOLOGIST	606
PUBLIC	400
PUCK	572
PUGILIST	656
PUMP	344
PUNCH	306
PUNISHMENT	342
PUPPY	203
PURPOSE	428
PURSER	592
PUZZLE	320
PYRAMID	397
QUAIL	536
QUANTITY	419
QUARTER	334
QUEEN	247
QUESTION	314
QUICKNESS	392
QUIETUDE	642
QUIVER	460
RABBIT	206
RACKET	386
RADIO	317
RAID	391
RAIN	211
RAKE	336
RANCH	403
RANGE	436
RARITY	550
RATE	456
RATTLE	261
RAY	322
REACTION	506
REALITY	469
REALM	561
REASON	383
REBEL	461
RECEIPT	517
RECEPTACLE	561
RECIPROCAL	656
RECKONING	525
RECOLLECTION	533
RECORD	322
RECREANT	656
RECTOR	561
REDEEMER	531
REDUCTION	508
REED	369
REFINEMENT	550
REFORMATION	603
REFUSE	394
REGENCY	586
REGISTER	408
REGRET	428
REIGN	450
REIN	356
RELATION	375
RELAXATION	483
RELIEF	443
REMARK	419
REMEDY	492
REMITTANCE	594
REMOVAL	406
RENDEZVOUS	581
RENT	425
REPAIR	375
REPEAT	367
REPORT	386
REPRESENTATIVE	531
REPRISAL	639
REPUBLIC	556
REPUTATION	558
RESCUE	367
RESENTMENT	539
RESISTANCE	503
RESOLUTION	550
RESPECT	433
RESPONSIBILITY	514
REST	222
RESULT	406
RESUMPTION	603
RETENTION	592
RETREAT	431
REVENGE	467
REVENUE	569
REVIEW	547
REVOLUTION	517
REWARD	372
RHAPSODY	639
RHYME	253
RIBBON	286
RICK	569
RIDGE	433
RIFLE	322
RIGIDITY	575
RING	208
RIOT	456
RISK	397
ROAD	206
ROAR	278
ROBIN	233
ROD	278
ROGUE	444
ROMANCE	466
ROOM	244
ROPE	281
ROSEBUD	369
ROTATION	494
ROUTE	447
RUBBER	289
RUBY	397
RUG	233
RULER	311
RUMOUR	461
RUNG	414
RUST	380
RYE	500
SADDLE	344
SAFETY	339
SAGA	506
SALAD	342
SALARY	558
SALT	233
SALTPETRE	656
SALVATION	558
SAMPLER	539
SAND	217
SANITARIUM	606
SANITATION	586
SAP	464
SARDINE	353
SATCHEL	297
SATISFACTION	466
SAUCE	258
SAVAGE	392
SAW	269
SAXOPHONE	519
SCALE	397
SCARE	297
SCENE	425
SCHEME	475
SCHOOL	228
SCHOOLHOUSE	369
SCIENCE	458
SCORN	471
SCOUT	372
SCRATCH	269
SCREAM	275
SCROLL	458
SCULL	533
SEAL	328
SEARCH	344
SEASON	328
SECOND	289
SECRETARY	456
SECURITY	508
SEDATIVE	561
SEDUCTION	628
SEER	611
SEGMENT	428
SELECTION	439
SELF	328
SELLER	381
SEMICIRCLE	453
SENDER	406
SENSE	336
SENTIMENT	514
SEPARATION	458
SEQUEL	556
SERIES	461
SERVANT	406
SERVICE	397
SETTLEMENT	478
SEVERANCE	603
SEX	450
SHADOW	311
SHAKER	433
SHAME	367
SHAPE	303
SHAWL	331
SHED	231
SHEET	251
SHEPHERD	275
SHIELD	350
SHIP	249
SHIRT	269
SHIVER	308
SHOP	236
SHORTAGE	414
SHOULDER	264
SHOWER	342
SHRIEK	406
SHRUB	383
SHRUG	408
SHUTTER	389
SICKNESS	356
SIEGE	503
SIGH	380
SIGNAL	367
SILENCE	333
SILVER	317
SIMPER	556
SIN	400
SINGER	314
SINK	219
SIREN	347
SITUATION	457
SIXPENCE	249
SKETCH	411
SKILL	414
SKIRT	258
SKYLARK	394
SLANG	464
SLAVE	386
SLEEVE	272
SLICE	292
SLIME	408
SLIT	364
SLOUGH	603
SLUMBER	419
SMASH	278
SMILE	208
SMOKE	228
SMUT	556
SNAKE	289
SNEER	467
SNORT	433
SNUB	522
SOAP	222
SOCIETY	497
SOCK	172
SOIL	347
SOLD	308
SOLDIER	275
SOLEMNITY	597
SOLUTION	506
SOMERSAULT	369
SONG	242
SOP	536
SOPRANO	519
SORROW	394
SOUND	300
SOUTHLAND	558
SPACE	319
SPAN	456
SPARE	364
SPASM	558
SPECIALIST	517
SPECK	353
SPEECH	369
SPELL	292
SPERM	597
SPIKE	353
SPIRIT	389
SPITE	442
SPLIT	381
SPOKE	328
SPOON	186
SPOT	261
SPREE	531
SPRINT	428
SPURT	406
SQUARE	250
SQUIRE	525
STABLE	292
STAFF	403
STAIN	311
STALK	422
STANDARD	472
STANZA	617
STARCH	489
STATEMENT	481
STATION	300
STATUE	406
STEAK	329
STEAM	308
STEEPLE	361
STEP	267
STEW	283
STILE	444
STING	261
STIPEND	650
STOAT	417
STOIC	639
STOOL	203
STORK	356
STOVE	297
STRAIN	422
STRANGER	322
STRAW	289
STRENGTH	325
STRIDE	439
STRIPE	308
STROP	647
STRUT	511
STUDENT	481
STUMP	372
STYLE	419
SUBALTERN	675
SUBJECT	417
SUBMARINE	381
SUBSECTION	631
SUBSTANCE	483
SUBSTITUTE	464
SUBSTRATUM	661
SUCCESS	411
SUCCOUR	614
SUDS	369
SUFFERANCE	597
SUGGESTION	461
SUITE	458
SUM	278
SUMMER	253
SUN	181
SUNLIGHT	289
SUNSHINE	206
SUPERFLUITY	647
SUPPER	250
SUPPLY	417
SUPPOSITION	619
SURFACE	378
SURPRISE	322
SURRENDER	386
SUSPECT	472
SUSPICION	478
SWALLOW	308
SWARD	650
SWEEP	281
SWELL	428
SWIM	256
SWORD	342
SYCAMORE	381
SYLLABLE	497
SYMPATHY	464
SYNOD	683
SYSTEM	461
TABLESPOON	258
TACK	363
TAILOR	378
TALENT	419
TALLY	536
TAP	222
TAPE	406
TARN	606
TASK	392
TAX	469
TEACHER	247
TEAR	264
TECHNICALITY	608
TELEGRAPH	436
TEMPER	333
TEMPTATION	454
TENDENCY	525
TENT	283
TERM	394
TERRITORY	486
TERROR	381
TEXT	486
THANE	642
THAW	381
THEFT	386
THEOLOGIAN	669
THEORY	557
THERMOMETER	389
THICKET	469
THIEF	322
THINKER	408
THISTLE	333
THONG	553
THOUGHT	347
THREAD	267
THREAT	394
THRILL	403
THROW	264
THUMB	183
THYME	578
TICKET	294
TIDE	331
TIMBER	403
TIN	286
TING	492
TIP	328
TITLE	375
TOBACCO	366
TOE	194
TOKEN	450
TOMB	411
TON	386
TOOL	300
TOPIC	483
TORMENT	472
TORTURE	408
TOUCH	269
TOWER	353
TOY	164
TRACK	383
TRADITION	486
TRAIL	386
TRANCE	481
TRANSFER	489
TRANSFORMER	592
TRANSLATION	556
TRANSPORTATION	528
TRAVELLER	364
TREATMENT	433
TREATY	536
TREMOR	511
TRIAL	433
TRICK	308
TRIM	367
TRIP	314
TRIUMPH	458
TROOP	406
TROUBLE	322
TROUT	394
TRUNK	328
TRUST	400
TRY	229
TUCK	342
TUMBLE	350
TUNIC	406
TURN	233
TURNER	517
TUSH	656
TWEED	419
TWILIGHT	411
TYPE	383
TYPEWRITER	389
TYRANT	492
ULCER	517
UMBRELLA	306
UNANIMITY	661
UNBELIEF	489
UNBELIEVER	486
UNCERTAINTY	522
UNCLE	192
UNCONCERN	503
UNCTION	669
UNDERBRUSH	575
UNDERGRADUATE	639
UNDERSTANDING	442
UNDERTAKING	519
UNDOING	439
UNDULATION	614
UNEASINESS	475
UNHAPPINESS	353
UNIFICATION	647
UNIFORM	331
UNION	503
UNIT	411
UNIVERSITY	497
UNLEARN	406
UNKNOWN	406
UNPLEASANTNESS	439
UNREALITY	525
UNREST	481
UPHEAVAL	494
UPHOLSTERY	508
UPRIGHT	436
UPSET	329
URCHIN	469
URN	442
USUAL	353
USURY	678
UTTERANCE	539
VACATION	458
VALE	481
VALLEY	339
VALUE	433
VAN	267
VAPOUR	533
VARIETY	464
VASE	297
VEGETABLE	269
VEIL	414
VELVETEEN	636
VENOM	531
VENTURE	492
VERB	436
VERITY	611
VERSE	351
VESSEL	400
VETO	636
VICE	517
VICTIM	423
VICTORY	411
VIGIL	550
VILLAGE	317
VINE	425
VIOLET	344
VIRTUE	511
VISION	411
VISITOR	311
VITRIOL	656
VOICE	275
VOLUME	461
VOTE	486
VOW	458
WAD	525
WAGE	428
WAIST	325
WALK	206
WALTZ	442
WAND	272
WAR	314
WAREHOUSE	492
WARRIOR	374
WASH	186
WASTE	354
WATER	153
WATT	578
WAX	331
WEAKNESS	389
WEAPON	375
WEATHER	292
WEDDING	314
WEEP	356
WELCOME	342
WELT	578
WEST	342
WHACK	311
WHARF	542
WHEAT	386
WHERRY	683
WHIP	397
WHIRL	364
WHISPER	256
WHITENESS	353
WHOLE	289
WHOOP	414
WICK	353
WIDOW	426
WIGGLE	350
WILDERNESS	422
WILLOW	386
WIN	269
WINDOW	231
WINE	403
WINTER	236
WISDOM	475
WITCH	258
WITNESS	472
WOE	461
WOMAN	258
WONDER	339
WOOD	269
WOODLAND	381
WOOL	247
WORKER	308
WORM	253
WORTH	369
WOUND	372
WRECK	369
WREN	375
WRITING	256
WRONG	244
YACHT	363
YARD	308
YEAR	269
YELP	378
YEW	483
YORE	617
YOUTH	431
YUCCA	694
ZONE	478
ZOOLOGIST	583
