'EM	6
A	5006
ABACK	1
ABACUS	2
ABANDON	1
ABATEMENT	1
ABBREVIATIONS	1
ABC	5
ABIDE	1
ABIDING	1
ABILITY	7
ABLAUTS	1
ABLE	66
ABORTIVE	1
ABOUT	970
ABOVE	6
ABREAST	1
ABROAD	6
ABRUPT	1
ABSENCE	2
ABSOLUTE	21
ABSOLUTELY	94
ABSORBED	1
ABSORBING	1
ABSORPTION	1
ABSTRACT	15
ABSTRACTED	1
ABSTRACTEDLY	1
ABSTRACTING	1
ABSTRUSE	3
ABSURD	7
AC	8
ACADEMIC	39
ACADEMICALLY	1
ACADEMICS	6
ACCELERATE	1
ACCENT	4
ACCENTED	1
ACCENTS	4
ACCEPT	11
ACCEPTABILITY	1
ACCEPTABLE	3
ACCEPTED	8
ACCEPTING	2
ACCEPTS	2
ACCESS	5
ACCESSIBLE	1
ACCIDENT	5
ACCIDENTAL	1
ACCIDENTALLY	3
ACCOMMODATION	10
ACCOMMODATIONS	1
ACCOMPANIED	1
ACCORD	1
ACCORDING	7
ACCOUNT	13
ACCOUNTANCY	1
ACCOUNTANT	1
ACCOUNTS	4
ACCURATE	1
ACCURATELY	1
ACCUSE	1
ACCUSED	1
ACCUSTOMED	1
ACHIEVED	2
ACHIEVEMENT	5
ACHING	1
ACQUAINTANCE	1
ACQUIRED	2
ACRES	1
ACRIMONIOUS	1
ACROSS	41
ACT	8
ACTED	5
ACTING	4
ACTION	3
ACTIONS	4
ACTIVATES	1
ACTIVE	3
ACTIVITIES	3
ACTIVITY	4
ACTOR	1
ACTRESS	1
ACTS	1
ACTUAL	14
ACTUALLY	241
ACUTENESS	1
AD	1
ADAPTABLE	1
ADAPTATIONS	1
ADD	8
ADDED	6
ADDING	2
ADDITIONAL	3
ADDITIVES	1
ADDRESS	7
ADDRESSED	2
ADDRESSING	2
ADEQUATE	2
ADJECTIVAL	1
ADJECTIVE	2
ADJOURN	1
ADJUST	2
ADMINISTERED	1
ADMINISTRATION	3
ADMINISTRATIVE	6
ADMIRATION	3
ADMIRE	1
ADMISSIONS	1
ADMIT	7
ADMITTED	1
ADMITTEDLY	3
ADMITTING	2
ADOPTED	1
ADOPTING	1
ADORE	1
ADULT	1
ADULTS	2
ADVANCE	5
ADVANCED	3
ADVANTAGE	13
ADVANTAGES	4
ADVENT	2
ADVERB	1
ADVERBS	1
ADVERT	4
ADVERTISE	4
ADVERTISED	5
ADVERTISEMENT	5
ADVERTISEMENTS	2
ADVERTISING	6
ADVERTS	1
ADVICE	10
ADVISE	4
ADVISED	5
ADVISERS	2
ADVISES	1
ADVOCATE	1
AERIAL	4
AERODROMES	1
AEROPLANE	1
AESTHETIC	12
AESTHETICS	3
AFFAIR	1
AFFAIRS	5
AFFECT	2
AFFECTED	1
AFFECTION	1
AFFECTIONATELY	1
AFFECTS	5
AFFORD	7
AFFRONTS	1
AFRAID	23
AFRESH	2
AFTER	198
AFTERNOON	23
AFTERNOONS	1
AFTERWARDS	17
AGA	1
AGAIN	120
AGAINST	23
AGE	28
AGED	1
AGENCY	5
AGENDA	2
AGES	10
AGGRESSIVE	4
AGHAST	1
AGO	90
AGONIZING	1
AGONY	1
AGREE	45
AGREEABLE	1
AGREED	11
AGREEMENT	3
AGREES	1
AGRICULTURAL	1
AH	106
AHA	5
AHEAD	10
AIDS	2
AILING	1
AIM	1
AIMED	1
AIMING	2
AIN'T	1
AIR	14
AIRING	1
AIRMAIL	1
AIRPORT	3
ALBEIT	1
ALE	1
ALES	1
ALIGHT	2
ALIKE	2
ALIVE	6
ALL	1044
ALLEGED	1
ALLIED	5
ALLIES	2
ALLOCATION	1
ALLOW	15
ALLOWANCE	1
ALLOWED	29
ALLOWING	1
ALLOWS	1
ALLUDE	1
ALMIGHTY	2
ALMOST	53
ALONE	10
ALONG	64
ALONGSIDE	1
ALOUD	2
ALPHABET	9
ALPHABETICAL	1
ALREADY	48
ALRIGHT	2
ALSO	91
ALTER	2
ALTERATION	1
ALTERED	3
ALTERNATELY	1
ALTERNATIVE	4
ALTHOUGH	37
ALTITUDE	2
ALTOGETHER	9
ALTRUISTIC	1
ALUMNI	1
ALUMNUS	1
ALWAYS	168
AM	45
AMALGAM	1
AMALGAMATED	5
AMATEUR	2
AMAZED	3
AMAZEMENT	1
AMAZES	1
AMAZING	9
AMAZINGLY	2
AMBITION	2
AMBITIOUS	5
AMENABLE	1
AMENDMENT	2
AMIABLE	1
AMONG	13
AMONGST	4
AMOROUS	1
AMOUNT	22
AMOUNTS	2
AMPHITHEATRE	1
AMPLIFIER	1
AMPLIFYING	1
AMUSE	1
AMUSED	5
AMUSES	1
AMUSING	9
AN	468
ANALOG	4
ANALOGIES	3
ANALOGOUS	1
ANALOGY	2
ANALYSE	4
ANALYSES	1
ANALYSIS	9
ANALYTIC	1
ANATOMY	4
ANCESTORS	1
ANCHOR	1
AND	5453
ANECDOTES	2
ANGLES	1
ANGLICIZED	1
ANGRY	3
ANIMALS	5
ANIMATE	1
ANIMATED	1
ANNEXES	1
ANNOUNCED	4
ANNOUNCEMENT	1
ANNOY	1
ANNOYED	4
ANNOYING	8
ANNUAL	1
ANONYMITY	2
ANONYMOUS	3
ANOTHER	122
ANSWER	41
ANSWERED	5
ANSWERING	2
ANSWERS	6
ANTHROPOLOGY	1
ANTI	1
ANTICIPATE	1
ANTIDOTE	1
ANTIPATHY	2
ANTIQUARIAN	1
ANTIQUE	3
ANTIQUES	1
ANTIQUITY	1
ANTISOCIAL	1
ANXIOUS	2
ANY	354
ANYBODY	63
ANYHOW	6
ANYONE	16
ANYTHING	196
ANYWAY	145
ANYWHERE	24
APART	24
APARTMENTS	2
APOCRYPHAL	1
APOLOGY	1
APPALLING	3
APPARENTLY	25
APPEAL	3
APPEALED	3
APPEALS	2
APPEAR	13
APPEARED	2
APPEARING	3
APPEARS	6
APPETITE	1
APPLE	3
APPLICANT	2
APPLICANTS	6
APPLICATION	17
APPLICATIONS	6
APPLIED	23
APPLIES	3
APPLY	16
APPLYING	6
APPOINT	2
APPOINTED	6
APPOINTING	1
APPOINTMENT	8
APPOINTMENTS	3
APPORTION	1
APPRECIATE	2
APPRECIATIVE	1
APPRENTICES	1
APPROACH	9
APPROACHED	6
APPROACHES	1
APPROACHING	4
APPROBATION	1
APPROPRIATE	8
APPROVE	2
APPROVED	1
APPROXIMATELY	1
APPROXIMATION	1
APRIL	6
APRON	2
ARBITRARY	2
ARCADIAN	2
ARCH	1
ARCHAEOLOGICAL	1
ARCHAEOLOGIST	3
ARCHAEOLOGISTS	1
ARCHAEOLOGY	5
ARCHEOLOGY	2
ARCHETYPAL	1
ARCHITECT	2
ARCHITECTURE	2
ARCHIVES	1
ARE	816
AREA	26
AREAS	5
AREN'T	70
ARENAS	1
ARGH	1
ARGUE	12
ARGUING	1
ARGUMENT	6
ARGUMENTS	1
ARISE	4
ARISES	2
ARISING	1
ARISTOCRAT	4
ARISTOCRATIC	2
ARISTOCRATS	1
ARM	3
ARMATURE	5
ARMCHAIR	2
ARMED	3
ARMIES	5
ARMISTICE	2
ARMOURIES	1
ARMS	8
ARMY	40
AROSE	1
AROUND	65
ARRANGE	9
ARRANGED	6
ARRANGEMENT	3
ARRANGEMENTS	5
ARRANGES	1
ARRANGING	3
ARRESTED	2
ARRIVAL	1
ARRIVE	5
ARRIVED	6
ARRIVING	1
ARSE	1
ARSON	1
ART	13
ARTICLE	3
ARTICLES	5
ARTIFACTS	1
ARTIFICIAL	2
ARTIFICIALLY	3
ARTISTIC	1
ARTISTS	1
ARTS	15
AS	912
ASCENDANCY	1
ASCRIBED	1
ASH	2
ASHAMED	3
ASHORE	1
ASIDE	6
ASK	57
ASKED	43
ASKING	18
ASKS	2
ASLEEP	2
ASPECT	6
ASPECTS	8
ASPIRATIONS	3
ASS	2
ASSEMBLED	2
ASSEMBLY	1
ASSERT	2
ASSESS	5
ASSESSMENTS	1
ASSIGN	1
ASSIGNMENTS	1
ASSIST	3
ASSISTANCE	3
ASSISTANT	20
ASSISTANTS	2
ASSISTING	1
ASSOCIATE	4
ASSOCIATED	2
ASSOCIATIONS	1
ASSUME	6
ASSUMED	3
ASSUMING	6
ASSURANCE	1
ASSURANCES	1
ASSURE	3
ASSURED	3
ASTERISK	1
ASTIGMATISM	1
ASTONISHED	1
ASTONISHING	5
ASTOUNDED	2
ASTRONOMERS	2
ASTRONOMY	2
ASTUTE	1
AT	1031
ATE	4
ATHLETIC	2
ATLASES	1
ATMOSPHERE	4
ATMOSPHERES	1
ATMOSPHERIC	1
ATTACHED	5
ATTACHES	1
ATTACK	13
ATTACKED	1
ATTACKING	1
ATTACKS	1
ATTAINED	1
ATTEMPT	7
ATTEMPTED	2
ATTEMPTS	2
ATTEND	2
ATTENDING	3
ATTENTION	4
ATTITUDE	11
ATTITUDES	1
ATTRACTED	2
ATTRACTIVE	6
AUDIBLE	1
AUDIENCE	8
AUGUST	25
AUNT	6
AUNTIE	5
AURA	1
AUSCULTATION	2
AUSPICES	3
AUTHOR	6
AUTHORITATIVE	1
AUTHORITIES	6
AUTHORITY	8
AUTHORS	15
AUTISTIC	1
AUTOBIOGRAPHIES	1
AUTOBIOGRAPHY	6
AUTOMATIC	1
AUTOMATICALLY	2
AUTUMN	1
AVAILABLE	10
AVAILED	1
AVENUE	2
AVERAGE	10
AVERTED	1
AVIARY	1
AVOID	5
AWAKE	1
AWARD	3
AWARE	12
AWARENESS	1
AWAY	85
AWFUL	53
AWFULLY	22
AWKWARD	7
AXIS	1
AY	1
B	16
BA	4
BABE	1
BABIES	3
BABY	10
BACHELOR	1
BACK	221
BACKDATED	1
BACKED	1
BACKGROUND	11
BACKGROUNDS	2
BACKHANDED	1
BACKING	1
BACKLOG	1
BACKS	2
BACKSIDES	1
BACKSLIDING	1
BACKWARD	1
BACKWARDS	3
BACON	1
BAD	64
BADLY	9
BAFFLED	1
BAG	10
BAGGAGE	1
BAGS	6
BAIL	1
BAILED	1
BAKELITE	1
BALANCE	1
BALANCES	1
BALANCING	1
BALED	1
BALL	1
BALLET	4
BALLOT	1
BALLROOM	1
BANAL	1
BANANA	2
BANANAS	1
BANG	1
BANGING	2
BANK	20
BANKERS	1
BANKING	3
BANKS	8
BANNER	1
BANQUET	1
BAR	3
BARBARIC	1
BARBECUE	1
BARBED	1
BARBS	1
BARE	4
BARED	1
BARGE	4
BARMY	3
BAROQUE	1
BARRACKS	5
BARREL	2
BARRIER	5
BASE	3
BASED	6
BASH	2
BASHING	2
BASIC	13
BASICALLY	23
BASIN	1
BASING	2
BASIS	12
BASKET	2
BASQUE	2
BASTARD	3
BASTARDS	1
BAT	1
BATCH	8
BATH	3
BATTALION	5
BATTERIES	1
BATTERY	2
BATTLE	8
BATTLES	3
BATTLING	2
BAY	1
BAYONET	1
BE	1119
BEACH	1
BEACHES	1
BEADING	2
BEAK	1
BEANO	1
BEANS	1
BEAR	9
BEARABLE	1
BEARING	2
BEARS	1
BEASTLY	1
BEATING	1
BEAUTIFUL	40
BEAUTIFULLY	4
BEAUTY	2
BECAME	9
BECAUSE	616
BECOME	26
BECOMES	6
BECOMING	5
BED	18
BEDEVILLED	2
BEDPAN	1
BEDROOM	7
BEDROOMS	1
BEDS	1
BEDSITTER	1
BEE	1
BEEN	504
BEER	31
BEERS	2
BEES	1
BEFORE	179
BEFOREHAND	6
BEG	7
BEGAN	9
BEGGED	1
BEGGING	1
BEGIN	14
BEGINNING	36
BEGINS	5
BEGRUDGED	1
BEGUN	2
BEHAVE	2
BEHAVED	2
BEHAVES	1
BEHAVING	1
BEHAVIOUR	5
BEHIND	20
BEING	173
BEINGS	1
BELIEF	2
BELIEFS	1
BELIEVE	26
BELIEVED	1
BELIEVES	3
BELL	6
BELLY	1
BELONG	6
BELONGED	1
BELONGING	2
BELONGS	2
BELOW	11
BELT	3
BENEDICTINE	1
BENT	1
BERSERK	2
BESIDE	3
BESIDES	4
BESPOKE	2
BEST	55
BET	5
BETTER	95
BETWEEN	81
BEWILDERED	2
BEWILDERING	2
BEYOND	8
BIAS	1
BIBLE	3
BIBLIOGRAPHY	16
BICKERING	1
BICYCLE	1
BIDDER	1
BIFOCALS	1
BIG	75
BIGGER	11
BIGGEST	2
BILINGUALS	1
BILL	7
BILLS	1
BINARY	1
BIND	1
BIOGRAPH	1
BIOGRAPHIC	1
BIOGRAPHICAL	2
BIOGRAPHIES	1
BIOGRAPHY	1
BIOLOGICAL	2
BIRDS	2
BIRTH	1
BIRTHDAY	2
BIT	187
BITCHED	1
BITCHY	1
BITE	1
BITS	26
BITTEN	1
BITTER	4
BITTERLY	1
BITUMEN	1
BLACK	12
BLACKBOARD	4
BLACKLISTED	2
BLACKOUT	1
BLANDISH	1
BLANDISHMENTS	1
BLANK	1
BLANKET	3
BLANKETS	1
BLAST	1
BLASTING	3
BLAZING	1
BLEATS	2
BLEND	5
BLESS	2
BLESSING	1
BLEW	5
BLIMEY	3
BLIND	2
BLINKING	1
BLITZ	3
BLITZED	1
BLIZZARD	2
BLOBS	2
BLOCK	7
BLOCKED	4
BLOCKING	1
BLOKE	12
BLOND	1
BLONDE	1
BLOOD	7
BLOODY	42
BLOSSOM	1
BLOTTO	2
BLOW	4
BLOWING	1
BLOWN	1
BLUE	7
BLUFF	7
BLUR	1
BOAR	1
BOARD	33
BOARDS	8
BOARS	1
BOAST	1
BOASTING	1
BOAT	9
BOATED	1
BOATS	1
BOB	3
BODIES	1
BODY	12
BOGGED	1
BOGGY	1
BOIL	3
BOILED	5
BOILING	1
BOLD	2
BOLLOCKS	1
BOLUS	2
BOMB	4
BOMBARD	1
BOMBASTIC	1
BOMBS	3
BONE	2
BONES	2
BONNET	3
BONUS	3
BONY	3
BOO	1
BOOK	108
BOOKCASE	2
BOOKCLUB	1
BOOKED	3
BOOKING	2
BOOKLET	5
BOOKS	62
BOOKSELLER	1
BOOM	1
BOOST	1
BOOTH	1
BOOZE	1
BOOZING	1
BORDER	8
BORE	4
BORED	5
BORING	8
BORN	7
BORNE	1
BOROUGH	1
BORROW	7
BORROWED	6
BORSTALS	1
BOTANY	2
BOTH	70
BOTHER	17
BOTHERED	4
BOTHERS	1
BOTTLE	24
BOTTLED	1
BOTTLES	7
BOTTLING	2
BOTTOM	18
BOTTOMS	2
BOUGHT	20
BOUNCE	2
BOUNCING	1
BOUND	7
BOUNDARY	2
BOUT	4
BOW	5
BOWED	1
BOWING	2
BOWL	2
BOWLED	1
BOWLING	1
BOX	15
BOXES	3
BOY	15
BOYFRIEND	1
BOYFRIENDS	1
BOYS	16
BRACKETS	4
BRAIN	7
BRAKES	1
BRANCH	6
BRANCHES	1
BRAND	2
BRANDED	1
BRANDY	2
BRAVE	1
BREACH	1
BREAK	10
BREAKDOWN	2
BREAKFAST	8
BREAKING	5
BREAKS	8
BREATH	1
BREATHLESS	2
BREEDS	1
BREEZY	1
BREW	11
BREWERIES	3
BREWERY	1
BRIBE	1
BRICK	2
BRIDGE	7
BRIDGES	1
BRIEF	1
BRIEFED	1
BRIEFLY	3
BRIG	1
BRIGADE	1
BRIGHT	15
BRIGHTER	2
BRIGHTEST	1
BRILLIANT	9
BRING	28
BRINGING	8
BRINGS	8
BROAD	2
BROADCAST	1
BROADCASTS	1
BROADENING	1
BROADER	2
BROCHURE	1
BROKE	2
BROKEN	4
BROKER	1
BROKERS	1
BROOD	1
BROTHER	10
BROTHERS	1
BROUGHT	38
BROWN	2
BRUNT	1
BUCKETS	1
BUCKLING	1
BUDGET	1
BUDGETING	1
BUGGER	3
BUGGERED	4
BUILD	4
BUILDERS	4
BUILDING	29
BUILDINGS	3
BUILDS	1
BUILT	10
BULBS	1
BULGING	1
BULK	4
BULL	1
BULLDOZED	2
BUM	1
BUMMED	1
BUMMING	2
BUMP	3
BUMPED	1
BUMPTIOUS	1
BUNCH	3
BUNGED	1
BUNKUM	1
BURDEN	1
BUREAU	1
BUREAUCRATS	1
BURN	3
BURNING	1
BURNT	6
BURSAR	1
BURSARS	1
BURSARY	2
BURST	6
BURSTS	1
BUS	5
BUSES	4
BUSH	3
BUSHES	1
BUSILY	1
BUSINESS	60
BUSTLING	1
BUSY	14
BUT	1652
BUTCHER	1
BUTTER	1
BUTTON	2
BUTTONS	2
BUY	38
BUYING	10
BUZZER	1
BY	338
BYE	10
C	11
CABBAGE	1
CABIN	1
CABINET	1
CABINS	1
CABLE	5
CADAVEROUS	1
CAHOOTS	2
CAKE	2
CALCULATE	1
CALCULATED	1
CALENDAR	3
CALIBRE	1
CALL	48
CALLED	82
CALLING	4
CALLS	3
CALMLY	1
CAME	131
CAMERA	2
CAMERAS	2
CAMP	3
CAMPAIGN	1
CAMPAIGNING	3
CAMPAIGNS	1
CAMPING	3
CAMPS	1
CAMPUS	3
CAN	501
CAN'T	300
CANAL	4
CANCEL	2
CANCER	5
CANCERS	1
CANDIDATE	11
CANDIDATES	9
CANES	1
CANNIBALS	1
CANNOT	7
CANNY	1
CANONIC	1
CANTEEN	1
CANTEENS	1
CAP	1
CAPABILITIES	1
CAPABLE	2
CAPACITY	6
CAPITAL	8
CAPITALISM	1
CAPPED	1
CAPS	4
CAPTURE	1
CAR	29
CARBURETTOR	1
CARD	3
CARDIAC	1
CARDINAL	2
CARDS	7
CARE	18
CAREER	9
CAREERING	1
CAREFUL	7
CAREFULLY	7
CARES	1
CARETAKER	1
CARETAKERS	1
CAROL	2
CARP	1
CARPENTER	1
CARPET	1
CARRIAGE	4
CARRIAGES	1
CARRIED	7
CARRIER	2
CARRIES	2
CARRY	11
CARRYING	5
CARS	4
CART	1
CARTOONS	1
CARTS	2
CASE	41
CASES	8
CASH	1
CASKS	3
CASSETTE	9
CASSETTES	1
CAST	3
CASTLE	4
CASTS	1
CASUAL	3
CASUALLY	2
CATARACT	1
CATASTROPHE	1
CATCH	3
CATCHER	1
CATEGORIES	4
CATEGORIZE	3
CATEGORY	7
CATER	1
CATERED	1
CATHEDRAL	4
CATHOLIC	13
CATS	1
CATTLE	1
CAUCASIAN	6
CAUCASIANS	1
CAUGHT	12
CAUSE	5
CAUSED	6
CAUSEWAY	2
CAUSING	5
CEASE	1
CEASED	1
CEILING	2
CELEBRATED	1
CELL	1
CELLAR	1
CELLS	1
CENT	20
CENTRAL	2
CENTRALLY	1
CENTRE	5
CENTRES	3
CENTRIFUGAL	1
CENTURIES	3
CENTURY	36
CERTAIN	70
CERTAINLY	87
CERTIFICATE	2
CERTIFICATES	1
CHAIN	2
CHAINS	1
CHAIR	10
CHAIRING	1
CHAIRMAN	10
CHAIRS	4
CHALLENGE	1
CHALLENGING	2
CHAM	1
CHAMBERS	1
CHAMELEON	2
CHAMPAGNE	2
CHANCE	14
CHANCES	6
CHANGE	27
CHANGED	24
CHANGES	7
CHANGING	6
CHANNEL	1
CHANNELLING	1
CHAOS	1
CHAP	46
CHAPEL	2
CHAPELS	1
CHAPPIE	1
CHAPS	13
CHAPTER	4
CHAPTERS	4
CHARACTER	29
CHARACTERISTIC	2
CHARACTERIZE	2
CHARACTERIZED	1
CHARACTERS	5
CHARGE	8
CHARGED	2
CHARGES	2
CHARGING	1
CHARITY	3
CHARMER	2
CHARMING	5
CHARMINGLY	1
CHART	1
CHARWOMAN	1
CHASING	2
CHAT	5
CHATS	1
CHATTED	1
CHATTERING	3
CHATTING	3
CHEAP	21
CHEAPER	8
CHEAPEST	2
CHEATING	2
CHECK	3
CHECKER	3
CHECKING	2
CHECKS	1
CHEEKY	1
CHEERFUL	1
CHEERIO	2
CHEERS	3
CHEESE	1
CHEMICAL	7
CHEMIST	1
CHEMISTRY	6
CHEMISTS	1
CHEQUE	1
CHERRIES	12
CHERRY	15
CHIEF	9
CHIEFS	1
CHILD	22
CHILDHOOD	1
CHILDISH	1
CHILDREN	52
CHILL	1
CHILLY	2
CHIMNEY	2
CHINA	2
CHINS	1
CHIPPING	1
CHIT	1
CHIVALRY	4
CHOCOLATE	1
CHOICE	13
CHOIR	4
CHOOSE	8
CHOOSES	1
CHOOSING	2
CHOP	2
CHOPPING	1
CHORES	2
CHORTLING	1
CHORUS	1
CHORUSES	1
CHOSE	4
CHOSEN	6
CHRIST	8
CHRISTIAN	1
CHRISTIANS	1
CHRISTMAS	32
CHROMIUM	1
CHRONICALLY	1
CHUCK	1
CHUCKED	3
CHUCKING	1
CHUG	1
CHUM	1
CHUNK	2
CHURCH	10
CHURCHES	1
CIGAR	1
CIGARETTE	4
CIGARETTES	1
CIGARS	1
CINECAMERA	1
CINEMA	2
CINEMAS	4
CIRCLE	5
CIRCLES	4
CIRCLING	1
CIRCUIT	1
CIRCUITS	2
CIRCULAR	8
CIRCUMSTANCE	12
CIRCUMSTANCES	8
CITIZEN	2
CITIZENSHIP	1
CITY	6
CIVIL	8
CIVILIAN	2
CIVILIANS	2
CIVILIZATION	3
CIVILIZED	1
CLAIM	4
CLAIMS	3
CLAMBERED	1
CLAPTRAP	1
CLARIFY	1
CLASH	2
CLASHED	1
CLASS	13
CLASSES	20
CLASSIC	2
CLASSICAL	4
CLASSICS	7
CLASSIFICATION	1
CLATTER	1
CLAUSE	3
CLAWS	1
CLEAN	2
CLEANER	1
CLEANING	1
CLEAR	25
CLEARANCES	1
CLEARED	5
CLEARER	3
CLEARING	1
CLEARLY	12
CLEVER	11
CLEVEREST	1
CLEVERLY	2
CLICK	2
CLICKING	1
CLICKS	1
CLIENT	4
CLIENTS	6
CLIMATE	7
CLIMB	1
CLIMBING	1
CLINICAL	3
CLOGGED	1
CLOSE	18
CLOSED	3
CLOSELY	5
CLOSER	4
CLOSET	3
CLOSURE	1
CLOTHES	2
CLOTS	1
CLOUDS	3
CLUB	4
CLUE	2
CLUSTER	3
CLUTTERED	1
CLUTTERING	1
CO	1
COACH	1
COACHING	2
COAL	3
COARSE	1
COAST	10
COASTLINE	1
COAT	5
COATS	1
COAXIAL	1
COBBLED	1
COBBLES	4
COCK	3
COCKTAIL	2
COFFEE	44
COGNAC	1
COHERENT	1
COINAGE	1
COINED	1
COLD	32
COLLABORATION	6
COLLAPSE	2
COLLAPSED	1
COLLAPSING	2
COLLATE	1
COLLEAGUE	2
COLLEAGUES	7
COLLECT	3
COLLECTED	3
COLLECTING	1
COLLECTION	2
COLLECTIVE	2
COLLEGE	79
COLLEGES	9
COLLEGIATE	2
COLONEL	1
COLOUR	16
COLOURED	2
COLOURLESS	1
COLOURS	6
COLUMN	3
COMBINATION	8
COMBINATIONS	1
COMBINE	2
COMBINED	2
COMBING	1
COMBINING	1
COMBUSTION	1
COME	261
COMES	50
COMFORT	5
COMFORTABLE	6
COMFORTABLY	2
COMING	74
COMMAND	5
COMMANDERS	1
COMMANDING	2
COMMENT	14
COMMENTED	2
COMMENTING	1
COMMENTS	5
COMMERCIAL	1
COMMERCIALLY	1
COMMISSION	7
COMMISSIONS	1
COMMIT	2
COMMITMENT	3
COMMITMENTS	1
COMMITS	1
COMMITTED	5
COMMITTEE	18
COMMITTEES	1
COMMODITY	1
COMMON	13
COMMONLY	1
COMMUNAL	2
COMMUNICATE	2
COMMUNICATED	1
COMMUNICATING	2
COMMUNICATION	12
COMMUNICATIONS	5
COMMUNIST	6
COMMUNISTS	1
COMMUNITY	3
COMMUTE	3
COMMUTING	2
COMPANIES	5
COMPANIONSHIP	1
COMPANY	29
COMPARABLE	1
COMPARATIVE	3
COMPARE	4
COMPARED	5
COMPARISON	4
COMPARTMENT	1
COMPELLING	1
COMPENSATION	2
COMPETENT	8
COMPETING	1
COMPETITION	6
COMPETITIVE	2
COMPETITOR	1
COMPETITORS	2
COMPILE	2
COMPLAIN	6
COMPLAINED	5
COMPLAINING	5
COMPLAINS	7
COMPLAINT	1
COMPLEMENT	1
COMPLEMENTARY	1
COMPLETE	19
COMPLETED	1
COMPLETELY	35
COMPLEX	1
COMPLEXES	1
COMPLEXITY	1
COMPLICATED	13
COMPLICATION	2
COMPLICATIONS	3
COMPLIMENT	1
COMPLIMENTS	1
COMPOSITION	1
COMPREHENSIBLE	1
COMPREHENSION	11
COMPREHENSIVE	2
COMPRISE	1
COMPROMISE	2
COMPULSORY	2
COMPUTER	14
COMPUTERIZED	2
COMPUTERS	7
COMPUTING	2
COMRADES	1
CON	1
CONCATENATION	1
CONCAVE	1
CONCEDE	1
CONCEIVABLE	2
CONCEIVABLY	1
CONCEIVE	1
CONCEIVED	3
CONCENTRATE	1
CONCENTRATED	2
CONCENTRATES	1
CONCENTRATION	1
CONCEPTIONS	1
CONCERN	5
CONCERNED	22
CONCERNS	4
CONCERT	4
CONCILIATORY	1
CONCLUDED	1
CONCLUDING	1
CONCLUSION	9
CONCLUSIONS	2
CONCOCT	1
CONCURRED	2
CONDEMN	4
CONDEMNATION	1
CONDEMNING	1
CONDITION	6
CONDITIONAL	1
CONDITIONED	1
CONDITIONS	6
CONDUCIVE	1
CONDUCT	5
CONDUCTED	2
CONDUCTING	1
CONDUCTOR	3
CONFER	1
CONFERENCE	8
CONFERENCES	5
CONFESS	1
CONFESSION	1
CONFESSIONS	1
CONFESSOR	1
CONFESSORS	1
CONFIDENCE	2
CONFIDENTIAL	1
CONFIDENTLY	1
CONFINED	3
CONFINES	1
CONFINING	1
CONFIRM	1
CONFIRMATION	1
CONFIRMED	1
CONFISCATE	1
CONFLICTING	1
CONFRONT	1
CONFRONTED	1
CONFRONTING	1
CONFUSED	2
CONFUSING	2
CONFUSION	3
CONGRATULATING	1
CONGRESS	5
CONGRESSES	1
CONJUGATING	1
CONNECT	2
CONNECTED	6
CONNECTING	1
CONNECTION	8
CONNECTIONS	4
CONNED	1
CONNEXION	2
CONQUERED	1
CONSCIENCE	1
CONSCIENTIOUS	1
CONSCIOUS	4
CONSCIOUSLY	1
CONSCRIPTED	1
CONSCRIPTION	1
CONSECUTIVE	1
CONSENSUS	1
CONSENT	1
CONSEQUENCE	1
CONSEQUENT	1
CONSEQUENTLY	3
CONSERVATIVE	4
CONSIDER	12
CONSIDERABLE	2
CONSIDERATION	2
CONSIDERATIONS	4
CONSIDERED	10
CONSIDERING	3
CONSIDERS	1
CONSIST	1
CONSISTED	1
CONSISTENTLY	4
CONSISTS	1
CONSOLIDATE	1
CONSONANT	1
CONSONANTS	1
CONSORTIUM	1
CONSPICUOUS	1
CONSTABULARY	6
CONSTANT	1
CONSTANTLY	3
CONSTIPATION	1
CONSTITUTE	1
CONSTITUTION	1
CONSTRAINTS	2
CONSTRICTION	1
CONSTRUCTION	2
CONSULT	2
CONSULTANT	4
CONSULTANTS	2
CONSULTATION	1
CONSULTED	4
CONSULTING	1
CONSUMPTION	1
CONTACT	11
CONTACTED	2
CONTACTS	5
CONTAIN	2
CONTAINING	1
CONTAINS	4
CONTEMPORARIES	2
CONTEMPORARY	1
CONTEMPT	1
CONTENT	5
CONTENTS	2
CONTEXT	4
CONTINENT	1
CONTINUALLY	2
CONTINUATION	3
CONTINUE	4
CONTINUED	1
CONTINUES	1
CONTINUING	1
CONTINUOUS	5
CONTRACEPTION	1
CONTRACEPTIVE	2
CONTRACT	3
CONTRADICT	1
CONTRADICTED	1
CONTRADICTION	1
CONTRALTO	1
CONTRAST	6
CONTRIBUTE	3
CONTRIBUTION	11
CONTRIVED	1
CONTROL	11
CONTROLLER	2
CONTROLLING	1
CONTROVERSIAL	1
CONTROVERSY	1
CONUNDRUMS	1
CONVENIENCE	1
CONVENIENT	7
CONVENTION	1
CONVENTIONAL	3
CONVENTIONS	3
CONVERSATION	18
CONVERSATIONS	1
CONVERSE	1
CONVERSING	1
CONVERSION	2
CONVERTED	2
CONVERTS	1
CONVEX	2
CONVEY	1
CONVICTION	1
CONVINCE	3
CONVINCED	7
CONVINCING	2
CONVOY	1
COOK	1
COOKED	1
COOKING	6
COOL	1
COOLED	1
COOLING	1
COOLLY	1
COPE	9
COPED	1
COPES	1
COPIED	3
COPIES	9
COPING	1
COPY	26
COPYING	1
COPYRIGHT	1
COR	10
CORE	4
CORES	1
CORNEAS	1
CORNER	20
CORNERS	1
CORNFLAKES	1
CORPORAL	3
CORPORATE	1
CORPUS	1
CORRECT	4
CORRECTLY	4
CORRELATION	2
CORRELATIONS	2
CORRELATIVE	4
CORRESPOND	1
CORRESPONDENCE	5
CORRESPONDING	2
CORRIDOR	11
CORRIDORS	1
CORRUPTION	1
COS	200
COST	14
COSTING	1
COSTLY	1
COSTS	7
COSTUME	1
COSY	1
COTTAGE	2
COTTONED	1
COULD	322
COULDN'T	120
COUNCIL	25
COUNT	9
COUNTED	1
COUNTER	5
COUNTERPARTS	1
COUNTERS	1
COUNTING	2
COUNTRIES	5
COUNTRY	50
COUNTRYSIDE	1
COUNTS	2
COUNTY	14
COUPLE	61
COUPLED	2
COUPLETS	1
COURAGE	1
COURSE	295
COURSES	15
COURT	14
COURTEOUS	1
COUSIN	5
COUSINS	1
COVENANT	2
COVER	9
COVERAGE	2
COVERED	13
COVERING	1
COVERS	1
COW	1
COWS	2
CRACK	2
CRACKING	1
CRACKS	1
CRADLING	1
CRAMP	1
CRAMPED	1
CRAMPING	1
CRANE	2
CRANK	1
CRASHING	1
CRAWL	1
CRAZE	2
CRAZY	4
CREAM	2
CREAMY	5
CREATE	5
CREATED	4
CREATING	1
CREATION	3
CREATURE	2
CREATURES	1
CREDIBLE	2
CREDIT	2
CREEPING	1
CRIB	1
CRICKET	2
CRIES	1
CRIKEY	4
CRIME	4
CRIMINAL	1
CRITERIA	2
CRITERION	5
CRITIC	4
CRITICAL	6
CRITICALLY	3
CRITICISM	15
CRITICIZE	2
CRITICIZED	1
CRITICIZES	1
CRITICS	4
CROOK	1
CROP	1
CROPPED	1
CROPS	2
CROSS	23
CROSSED	1
CROSSES	3
CROSSEYED	1
CROSSING	3
CROSSINGS	2
CROSSWORD	1
CROSSWORDS	1
CROWD	3
CROWDED	3
CROWN	5
CROWNING	1
CRUCIAL	1
CRUDE	1
CRUDITY	1
CRUEL	1
CRUMBLED	1
CRUMBLING	1
CRUMBS	1
CRUNCH	3
CRUSADE	1
CRUSH	1
CRUST	1
CUBE	2
CUDDLING	1
CUDDLY	3
CUE	1
CULMINATES	1
CULMINATION	1
CULTURAL	2
CULTURE	2
CUM	2
CUMULATIVE	2
CUP	9
CUPBOARD	5
CUPS	9
CURE	3
CURED	1
CURIOUS	10
CURIOUSLY	3
CURLED	1
CURRENT	2
CURRICULA	1
CURRICULUM	3
CURRY	2
CURTAINS	2
CURVE	2
CURVED	1
CUSTOMER	2
CUSTOMERS	1
CUT	34
CUTTING	6
CYCLE	2
CYCLOSTYLED	1
CYNICAL	3
CYPHERS	2
CYPRESS	1
CYST	9
CYSTS	4
D	13
DAB	1
DADDY	3
DAFT	1
DAGGER	2
DAGGERS	5
DAILY	4
DAMAGE	2
DAMAGES	1
DAMN	11
DAMNED	5
DAMP	1
DANCE	4
DANCER	1
DANCING	3
DANGER	3
DANGEROUS	1
DANGERS	1
DARE	2
DAREN'T	2
DARESAY	1
DARK	13
DARKENED	1
DARKLY	1
DARKNESS	1
DARLING	26
DARNS	1
DASHING	1
DATA	1
DATE	11
DATES	1
DATING	1
DAUGHTER	7
DAUGHTERS	1
DAWDLING	1
DAWN	1
DAY	113
DAYLIGHT	1
DAYS	62
DAZZLED	1
DAZZLING	2
DE	1
DEAD	8
DEADLINE	1
DEADLOCK	1
DEADLY	2
DEAL	29
DEALER	1
DEALING	14
DEALINGS	1
DEALS	1
DEALT	3
DEAR	51
DEARER	1
DEAREST	1
DEARS	1
DEATH	15
DEBATABLE	2
DEBATE	1
DEBATING	1
DEBENTURE	1
DEBT	2
DEBUTANTE	1
DEC	1
DECADE	1
DECADES	2
DECEIVED	1
DECEMBER	5
DECENT	3
DECENTRALIZATION	1
DECENTRALIZED	1
DECIDE	19
DECIDED	29
DECIDEDLY	1
DECIDING	2
DECISION	10
DECISIVELY	2
DECLARED	3
DECLENSION	1
DECLENSIONS	1
DECLINE	2
DECODE	2
DECORATE	1
DECORATED	2
DECORATING	2
DECORATION	2
DECORATIONS	2
DECREASED	1
DEDICATED	4
DEDUCING	2
DEEMED	2
DEEP	6
DEEPER	7
DEEPLY	2
DEFEATED	4
DEFEATING	2
DEFEND	3
DEFENDING	1
DEFENSIVE	2
DEFERENCE	1
DEFICIENCY	1
DEFINE	2
DEFINED	1
DEFINITE	6
DEFINITELY	23
DEFINITION	2
DEFINITIONS	1
DEFINITIVE	1
DEGREE	34
DEGREES	10
DEHYDRATED	1
DEHYDRATING	1
DELAY	3
DELAYED	2
DELAYING	1
DELAYS	1
DELIBERATE	1
DELIBERATELY	4
DELICACY	1
DELIGHTED	2
DELIGHTFUL	2
DELIGHTS	1
DELIVER	2
DELIVERED	4
DELIVERY	2
DEMAND	4
DEMANDS	3
DEMI	1
DEMOLISH	1
DEMOLISHED	2
DEMONIC	1
DEMONSTRATED	3
DEMONSTRATING	1
DENGUE	1
DENIES	1
DENOTE	1
DENSE	1
DENTAL	10
DENTIST	9
DENTISTS	5
DENY	2
DENYING	1
DEPART	2
DEPARTMENT	105
DEPARTMENTAL	15
DEPARTMENTS	15
DEPEND	2
DEPENDING	1
DEPENDS	9
DEPICTED	1
DEPLORABLE	4
DEPRESSED	2
DEPRESSING	1
DEPRIVATION	1
DEPTH	3
DEPTHS	3
DEPUTATIONS	1
DERIVED	1
DERMATITIS	1
DEROGATORY	1
DESCENDING	2
DESCRIBE	5
DESCRIBED	4
DESCRIBES	2
DESCRIBING	2
DESCRIPTION	8
DESERT	1
DESERTED	1
DESERVED	2
DESERVES	2
DESIGN	2
DESIGNED	9
DESIGNS	1
DESIRABLE	2
DESIRE	1
DESK	7
DESPAIR	2
DESPERATE	2
DESPERATELY	7
DESPERATION	1
DESPISE	1
DESPITE	2
DESSERT	1
DESTROY	1
DESTROYED	2
DESTRUCTION	1
DETAIL	14
DETAILED	5
DETAILS	3
DETECT	3
DETECTION	1
DETECTIVE	1
DETERMINED	5
DETERMINES	1
DETRACTIONS	1
DEVALUED	2
DEVASTATED	1
DEVELOP	4
DEVELOPED	6
DEVELOPING	2
DEVELOPMENT	8
DEVELOPMENTS	1
DEVELOPS	2
DEVICE	2
DEVIL	6
DEVILISH	1
DEVILS	1
DEVISED	1
DEVOTED	2
DEVOTING	2
DHOBI	4
DI	1
DIAGNOSIS	5
DIAGNOSTIC	1
DIAGRAM	1
DIALECTS	2
DIALOGUE	1
DIARIES	1
DIARISTS	2
DIARRHOEA	7
DIARY	20
DICTIONARY	14
DID	412
DIDN'T	304
DIE	3
DIED	15
DIES	1
DIET	1
DIFFERENCE	24
DIFFERENCES	1
DIFFERENT	90
DIFFERENTLY	4
DIFFICULT	63
DIFFICULTIES	8
DIFFICULTY	19
DIFFIDENTLY	1
DIGESTED	2
DIGGING	6
DIGRESSING	1
DIGRESSIONS	1
DIGS	1
DILAPIDATED	1
DIMINISHING	1
DIMMER	1
DINNER	27
DIPLOMA	2
DIPLOMACY	1
DIPLOMATIC	5
DIPLOMATICALLY	1
DIRE	3
DIRECT	5
DIRECTED	3
DIRECTING	2
DIRECTION	8
DIRECTIONAL	1
DIRECTIONS	4
DIRECTLY	3
DIRECTOR	16
DIRECTORS	4
DIRT	6
DIRTIER	1
DIRTY	8
DISABILITIES	1
DISABLED	10
DISADVANTAGE	1
DISADVANTAGES	3
DISAGREE	1
DISAGREED	1
DISAPPEAR	3
DISAPPEARED	6
DISAPPEARING	2
DISAPPEARS	1
DISAPPOINTED	5
DISAPPOINTING	1
DISAPPOINTMENT	3
DISAPPROVE	5
DISASTER	5
DISASTROUS	3
DISC	2
DISCHARGE	1
DISCIPLINE	2
DISCIPLINES	2
DISCOURAGED	1
DISCOVER	1
DISCOVERED	14
DISCOVERY	1
DISCRETE	1
DISCRETION	1
DISCRETIONARY	1
DISCRIMINATE	1
DISCRIMINATED	1
DISCS	2
DISCUSS	9
DISCUSSED	4
DISCUSSING	2
DISCUSSION	8
DISCUSSIONS	2
DISEASE	13
DISEASES	1
DISFAVOURING	1
DISGRACE	1
DISGRACEFUL	1
DISGRACEFULLY	1
DISGUISE	1
DISGUSTED	1
DISGUSTING	1
DISHARMONY	1
DISHEVELLED	2
DISHING	1
DISHWASHERS	1
DISINFECTANT	1
DISINFECTED	1
DISINTEGRATED	1
DISLIKE	6
DISLIKED	5
DISLIKING	1
DISMISSED	1
DISORDERED	1
DISPARITY	2
DISPASSIONATELY	1
DISPENSE	2
DISPLACE	1
DISPOSAL	2
DISPOSE	1
DISPOSED	2
DISPOSITIONS	1
DISPUTING	1
DISREGARDING	1
DISRUPTED	1
DISSECT	1
DISSEMINATE	1
DISSERTATION	3
DISSERVICE	1
DISSOLVE	2
DISSOLVING	1
DISTANCE	8
DISTANT	1
DISTINCT	4
DISTINCTION	8
DISTINCTIONS	1
DISTINCTIVE	4
DISTINGUISH	6
DISTINGUISHED	3
DISTINGUISHING	1
DISTORTED	1
DISTORTION	2
DISTRAUGHT	1
DISTRESSED	1
DISTRIBUTE	1
DISTRIBUTED	1
DISTRIBUTION	1
DISTRICT	7
DISTURBING	3
DIVE	2
DIVERSIFYING	1
DIVERSIONS	1
DIVERT	1
DIVERTED	2
DIVERTING	1
DIVIDE	3
DIVIDED	1
DIVIDEND	1
DIVIDING	1
DIVINE	1
DIVISION	6
DIVISIONS	6
DO	1060
DOCTOR	32
DOCTORS	1
DOCTRINE	2
DOCUMENT	4
DOCUMENTARY	1
DOCUMENTATION	2
DOCUMENTED	1
DOCUMENTS	3
DODOS	1
DOES	220
DOESN'T	152
DOG	8
DOGMATIC	1
DOGS	4
DOING	218
DOLE	4
DOLLAR	1
DOLLARS	4
DOLPHIN	1
DOME	2
DOMESTIC	6
DOMINATE	2
DOMINO	1
DON	2
DON'T	906
DONE	182
DONKEY	1
DONS	1
DOOMSDAY	1
DOOR	25
DOORS	4
DOORSTEP	1
DOPE	1
DORMANT	1
DOSSIER	2
DOT	3
DOTTED	2
DOTTY	1
DOUBLE	16
DOUBT	18
DOUBTFUL	2
DOUBTING	1
DOUBTLESS	1
DOWN	229
DOWNFALL	2
DOWNS	1
DOWNSTAIRS	3
DOWNWARDS	1
DOYEN	1
DOZEN	4
DOZENS	1
DRAFT	4
DRAFTED	2
DRAFTING	4
DRAFTS	1
DRAGGING	1
DRAIN	6
DRAINAGE	3
DRAMA	25
DRAMATIC	8
DRAMATIST	2
DRAUGHT	2
DRAW	10
DRAWBACK	2
DRAWER	2
DRAWERS	1
DRAWING	3
DRAWINGS	2
DRAWN	2
DRAWS	2
DREAD	1
DREADFUL	8
DREADFULLY	2
DREAM	3
DREAMS	2
DREAMT	1
DREAMY	1
DREARILY	1
DREARY	3
DREGS	3
DRESS	1
DRESSED	1
DRESSES	1
DREW	2
DRIED	1
DRIFT	4
DRIFTING	1
DRILL	2
DRILLS	3
DRINK	25
DRINKING	2
DRINKS	6
DRIP	2
DRIVE	20
DRIVELLING	1
DRIVEN	7
DRIVER	2
DRIVES	4
DRIVING	16
DROP	9
DROPPED	9
DROPPING	2
DROVE	2
DROWNED	1
DRUG	5
DRUGS	8
DRUMS	1
DRUNK	7
DRUNKEN	2
DRY	3
DUALITY	1
DUBIOUS	4
DUCHESS	1
DUCK	1
DUD	2
DUDS	1
DUE	8
DUG	2
DULL	5
DULY	1
DUMPS	1
DUNDERHEADS	1
DUODENAL	1
DUPLICATE	3
DUPLICATED	1
DUPLICATES	1
DURING	38
DUSK	1
DUST	5
DUSTBIN	1
DUSTING	1
DUSTMEN	1
DUTIES	8
DUTY	2
DYING	3
DYKES	1
DYNAMISM	1
DYNAMO	1
E	12
EACH	65
EAGER	1
EAR	1
EARL	3
EARLIER	18
EARLIEST	1
EARLY	34
EARMARKED	1
EARN	6
EARNEST	1
EARNESTLY	2
EARNING	4
EARS	2
EARTH	14
EARTHQUAKE	1
EARTHY	2
EASED	1
EASIER	18
EASILY	14
EAST	17
EASTER	3
EASTERN	3
EASY	21
EAT	9
EATING	7
EBULLIENCE	1
ECCENTRICS	1
ECHO	1
ECHOES	1
ECLIPSED	1
ECONOMIC	6
ECONOMICAL	1
ECONOMICS	4
ECONOMIST	1
ECONOMISTS	1
ECONOMY	2
ECSTASIES	1
EDGE	5
EDGES	1
EDGEWISE	1
EDITED	2
EDITING	3
EDITION	3
EDITIONS	4
EDITOR	3
EDITORIAL	2
EDUCATED	3
EDUCATING	1
EDUCATION	18
EDUCATIONAL	6
EDUCATIVE	1
EFFECT	11
EFFECTIVE	3
EFFECTIVELY	3
EFFECTS	1
EFFICIENT	4
EFFICIENTLY	3
EFFORT	6
EGG	6
EGGS	7
EGOS	1
EH	6
EIGH	1
EIGHT	38
EIGHTEEN	21
EIGHTEENTH	12
EIGHTH	6
EIGHTHS	3
EIGHTIES	2
EIGHTY	14
EITHER	51
ELABORATE	6
ELDEST	1
ELECTED	1
ELECTION	3
ELECTRIC	10
ELECTRICAL	4
ELECTRICITY	1
ELECTRONICS	1
ELEGANCE	1
ELEGANT	1
ELEMENT	2
ELEMENTARY	2
ELEMENTS	1
ELEVEN	9
ELICIT	1
ELICITED	3
ELICITS	2
ELIGIBLE	1
ELIMINATING	1
ELITE	5
ELITIST	1
ELITISTS	1
ELSE	104
ELSEWHERE	4
ELUSIVE	1
ELVES	1
EMBARK	2
EMBARKED	1
EMBARRASSING	8
EMBARRASSMENT	1
EMBASSY	1
EMBITTERMENT	1
EMBODIED	1
EMBROIDERS	1
EMBROILED	1
EMBRYO	1
EMBRYOLOGY	1
EMERGED	1
EMERGENCIES	5
EMERGENCY	6
EMERGING	1
EMIGRATE	1
EMIGRATED	1
EMIGRATION	1
EMINENT	1
EMINENTLY	2
EMOTION	3
EMOTIONAL	2
EMOTIONS	1
EMPEROR	1
EMPHASIS	6
EMPIRE	3
EMPIRICAL	1
EMPLOY	2
EMPLOYED	2
EMPLOYER	1
EMPLOYING	1
EMPLOYMENT	1
EMPTIES	1
EMPTY	6
EMPTYING	1
EN	2
ENABLE	3
ENAMOURED	1
ENCLAVE	1
ENCLOSED	2
ENCOUNTER	2
ENCOURAGE	5
ENCOURAGED	1
ENCOURAGEMENT	2
ENCOURAGES	1
ENCRUSTED	1
END	116
ENDEARED	1
ENDED	11
ENDING	3
ENDINGS	1
ENDLESS	3
ENDORSEMENT	1
ENDORSING	1
ENDOWMENT	1
ENDS	7
ENEMA	2
ENEMAS	2
ENEMY	1
ENERGY	4
ENGAGED	6
ENGAGEMENTS	1
ENGINE	6
ENGINEER	1
ENGINEERING	5
ENGINEERS	2
ENGRAVED	2
ENJOY	9
ENJOYABLE	1
ENJOYED	8
ENJOYING	2
ENJOYMENT	1
ENLARGED	1
ENLARGER	2
ENORMOUS	17
ENORMOUSLY	3
ENOUGH	106
ENQUIRE	1
ENQUIRIES	1
ENQUIRING	1
ENTER	4
ENTERPRISING	1
ENTERS	1
ENTERTAINED	3
ENTERTAINING	2
ENTERTAINMENT	2
ENTHRALLING	1
ENTHUSIASTIC	5
ENTHUSIASTICALLY	1
ENTIRE	5
ENTIRELY	29
ENTITLED	1
ENTREE	1
ENTRUSTED	1
ENTRY	1
ENVIOUS	1
ENVIRONMENT	3
ENVISAGE	1
ENVY	1
EPIC	1
EPISODE	2
EQUAL	3
EQUALLED	1
EQUALLY	10
EQUALS	3
EQUIPMENT	6
EQUIPPED	4
EQUITIES	1
EQUITY	5
EQUIVALENT	11
ER	1
ERECT	1
ERODE	1
ERODED	2
EROTIC	1
ERROR	2
ESCALATION	1
ESCAPE	1
ESCORT	4
ESPECIALLY	13
ESPIONAGE	2
ESSAY	10
ESSAYS	7
ESSENCE	1
ESSENTIAL	2
ESSENTIALLY	4
ESTABLISH	1
ESTABLISHED	7
ESTABLISHMENT	4
ESTATE	4
ESTIMATED	1
ESTIMATES	1
ETCETERA	15
ETHOS	1
ETIOLOGY	2
EUPHEMISM	2
EVALUATION	1
EVAPORATION	1
EVEN	135
EVENING	32
EVENINGS	9
EVENT	7
EVENTFUL	1
EVENTS	4
EVENTUALITY	1
EVENTUALLY	10
EVER	99
EVERY	80
EVERYBODY	68
EVERYONE	18
EVERYTHING	74
EVERYWHERE	5
EVIDENCE	4
EVIDENCES	1
EVIDENT	3
EVOCATIVE	1
EVOLUTION	1
EVOLVE	1
EVOLVED	1
EXACT	4
EXACTLY	62
EXAGGERATED	3
EXAGGERATING	1
EXAGGERATION	2
EXAM	11
EXAMINATION	12
EXAMINATIONS	4
EXAMINE	5
EXAMINED	2
EXAMINER	3
EXAMPLE	42
EXAMPLES	4
EXAMS	6
EXASPERATING	2
EXCAVATION	1
EXCEEDINGLY	4
EXCELLENT	9
EXCEPT	45
EXCEPTED	1
EXCEPTION	2
EXCEPTIONAL	2
EXCESSIVE	4
EXCESSIVELY	1
EXCHANGE	5
EXCITE	1
EXCITED	2
EXCITING	4
EXCLAIMED	1
EXCLAMATION	1
EXCLUDED	2
EXCLUSIVELY	3
EXCRESCENCE	1
EXCRETION	1
EXCRUCIATING	2
EXCUSABLE	1
EXCUSE	9
EXECUTIVE	4
EXEMPLARY	1
EXEMPLIFY	1
EXERCISE	7
EXERCISED	2
EXHAUSTING	2
EXHAUSTION	2
EXHIBIT	1
EXHIBITION	1
EXHIBITIONIST	1
EXHIBITS	2
EXIGUOUS	1
EXIST	5
EXISTED	3
EXISTENCE	6
EXISTING	17
EXISTS	2
EXORBITANT	1
EXPAND	1
EXPANDED	1
EXPANSION	3
EXPECT	32
EXPECTANT	2
EXPECTATION	1
EXPECTED	8
EXPECTING	3
EXPECTS	5
EXPEDIENT	1
EXPEDITION	2
EXPELLED	1
EXPENDITURE	2
EXPENSE	5
EXPENSES	3
EXPENSIVE	34
EXPERIENCE	19
EXPERIENCED	2
EXPERIENCES	1
EXPERIMENT	2
EXPERIMENTAL	6
EXPERIMENTS	2
EXPERT	10
EXPERTISE	1
EXPLAIN	13
EXPLAINED	5
EXPLAINING	2
EXPLAINS	1
EXPLANATIONS	1
EXPLANATORY	2
EXPLICIT	1
EXPLODE	3
EXPLORATION	1
EXPLORE	2
EXPLORED	1
EXPLORING	1
EXPORT	2
EXPOSE	1
EXPOSED	5
EXPOUNDED	1
EXPOUNDING	1
EXPRESS	4
EXPRESSED	1
EXPRESSES	2
EXPRESSING	2
EXPRESSION	6
EXPRESSIONIST	4
EXTEND	2
EXTENDING	1
EXTENSION	2
EXTENSIVE	2
EXTENT	20
EXTERNAL	9
EXTRA	11
EXTRACTED	1
EXTRACTION	1
EXTRACTS	1
EXTRAMURAL	2
EXTRAORDINARY	12
EXTRAPOLATE	1
EXTREME	1
EXTREMELY	28
EXUDE	1
EYE	12
EYELID	1
EYES	19
F	7
FABLIAU	1
FABULOUS	4
FACADE	1
FACE	25
FACED	2
FACELESS	1
FACES	1
FACETIOUS	1
FACETIOUSLY	1
FACILITATE	1
FACILITIES	3
FACING	1
FACSIMILE	1
FACT	193
FACTION	1
FACTOR	4
FACTORS	2
FACTORY	1
FACTS	4
FACTUAL	2
FACULTY	21
FADED	1
FAGS	1
FAIL	4
FAILED	8
FAILURE	5
FAILURES	1
FAINT	4
FAIR	25
FAIRIES	2
FAIRLY	41
FAITH	7
FAKE	1
FALL	7
FALLEN	1
FALLING	1
FALLS	1
FALSE	2
FAME	4
FAMILIAR	1
FAMILIARITY	1
FAMILIES	6
FAMILY	31
FAMOUS	2
FAN	2
FANCY	8
FANTASTIC	16
FANTASTICALLY	1
FANTASY	2
FAR	101
FARCE	1
FARE	5
FARES	2
FAREWELL	1
FARM	5
FARMED	1
FARMER	5
FARMERS	1
FARMS	1
FARMYARD	1
FASCICLE	2
FASCINATED	2
FASCINATING	10
FASCINATION	1
FASHION	3
FASHIONABLE	3
FASHIONS	1
FAST	12
FASTER	3
FASTEST	1
FASTNESS	1
FAT	5
FATAL	4
FATE	2
FATHER	46
FAULT	8
FAULTED	1
FAULTS	2
FAVOUR	4
FAVOURITE	7
FEAR	7
FEARFUL	1
FEASIBLE	1
FEASTING	1
FEATURE	2
FEATURES	6
FEBRUARY	3
FED	8
FEEBLE	1
FEED	4
FEEDING	1
FEEL	100
FEELING	30
FEELINGS	7
FEELS	12
FEES	1
FEET	23
FELL	3
FELLOW	15
FELLOWS	3
FELLOWSHIP	7
FELLOWSHIPS	3
FELT	36
FEMALE	4
FENCE	1
FENDER	1
FERN	1
FERRET	4
FERRY	4
FESTIVAL	8
FETCH	1
FEUDS	1
FEVER	1
FEW	73
FEWER	1
FICTION	4
FICTITIOUS	1
FIDDLE	2
FIDDLED	2
FIDDLING	7
FIELD	28
FIELDS	6
FIELDWORK	1
FIENDISH	1
FIENDS	2
FIFTEEN	31
FIFTEENTH	7
FIFTH	6
FIFTIES	3
FIFTY	41
FIGHT	8
FIGHTING	5
FIGHTS	1
FIGURATIVELY	1
FIGURE	9
FIGURES	4
FILE	4
FILED	1
FILING	4
FILL	7
FILLED	4
FILLING	3
FILM	45
FILMS	8
FILTHY	3
FINAL	2
FINALISTS	6
FINALLY	11
FINALS	10
FINANCE	1
FINANCED	2
FINANCES	2
FINANCIAL	7
FINANCIALLY	3
FIND	145
FINDING	8
FINDS	3
FINE	49
FINED	1
FINGER	6
FINGERS	3
FINISH	19
FINISHED	35
FINISHES	1
FINISHING	6
FIRE	15
FIREBREAK	2
FIREBREAKS	1
FIREPLACE	1
FIRES	7
FIRING	1
FIRM	19
FIRMLY	3
FIRMS	7
FIRST	183
FIRSTLY	3
FISHERMEN	1
FISHING	2
FIT	16
FITNESS	1
FITS	2
FITTED	2
FIVE	106
FIVEPENCE	2
FIVER	1
FIX	1
FIXED	10
FIXING	1
FLABBERGASTED	1
FLAGON	1
FLAGONS	1
FLAGRANT	1
FLAKE	2
FLAKES	1
FLANNEL	1
FLAP	1
FLARING	1
FLAT	41
FLATLY	1
FLATS	5
FLAUTIST	2
FLESH	2
FLEW	3
FLEXIBILITY	2
FLEXIBLE	1
FLICK	3
FLICKED	2
FLIES	6
FLIRTING	1
FLOAT	1
FLOATING	6
FLOCK	1
FLOCKS	1
FLOGGED	2
FLOOD	3
FLOODING	1
FLOOR	6
FLOP	2
FLOPPY	2
FLOUR	2
FLOW	1
FLOWED	1
FLOWERS	3
FLOWERY	1
FLOWING	1
FLUCTUATING	2
FLUENCY	2
FLUENT	2
FLUENTLY	1
FLUFFING	1
FLUIDITY	1
FLY	2
FLYING	2
FOCUS	7
FOCUSSED	1
FOGGIEST	1
FOGGY	1
FOLD	2
FOLDED	3
FOLDER	1
FOLDING	1
FOLIAGE	1
FOLK	2
FOLKLORE	8
FOLLOW	15
FOLLOWED	10
FOLLOWING	15
FOLLOWS	4
FOLLY	3
FOND	5
FOOD	12
FOOL	7
FOOLED	2
FOOLISH	2
FOOLS	3
FOOT	10
FOOTING	2
FOOTMAN	1
FOR	1157
FORCE	4
FORCED	4
FORCES	2
FORCIBLY	1
FORCING	1
FORE	1
FOREGONE	1
FOREGROUND	1
FOREIGN	9
FOREIGNER	1
FOREIGNERS	1
FORESEE	1
FORESIGHT	1
FOREST	2
FORESTRY	2
FORESTS	1
FOREVER	3
FORGET	17
FORGETS	1
FORGETTING	4
FORGIVEN	2
FORGOT	5
FORGOTTEN	13
FORK	1
FORM	25
FORMAL	3
FORMALITY	1
FORMALLY	2
FORMED	3
FORMER	1
FORMIDABLE	1
FORMS	5
FORMULA	3
FORMULAE	1
FORMULATING	1
FORTH	10
FORTIES	1
FORTIFIED	1
FORTNIGHT	10
FORTUITOUS	1
FORTUNATE	1
FORTUNATELY	6
FORTUNE	3
FORTUNES	1
FORTY	16
FORUM	1
FORWARD	17
FOSSILIZED	2
FOUGHT	4
FOUL	2
FOUND	70
FOUNDATION	13
FOUNDATIONS	1
FOUNDED	2
FOUR	108
FOURISH	1
FOURPENCE	1
FOURTEEN	7
FOURTEENTH	7
FOURTH	10
FRAME	1
FRANC	1
FRANCS	4
FRANK	4
FRANKLY	5
FRANTICALLY	1
FRAUD	2
FREAK	1
FREE	26
FREED	2
FREEDOM	1
FREELANCE	3
FREELY	1
FREEZE	1
FREEZING	1
FREIGHT	1
FREQUENCIES	1
FREQUENT	2
FREQUENTLY	6
FRESH	4
FRICTION	1
FRIDAY	11
FRIEND	23
FRIENDLINESS	1
FRIENDLY	7
FRIENDS	29
FRIGHT	1
FRIGHTEN	1
FRIGHTENED	1
FRIGHTENING	2
FRIGHTENS	1
FRIGHTFUL	7
FRIGHTFULLY	11
FRINGE	1
FRO	1
FROM	529
FRONT	30
FRONTS	1
FROST	1
FROSTY	1
FROZEN	1
FRUIT	6
FRUSTRATED	2
FRUSTRATING	1
FRY	1
FUCK	1
FUCKING	7
FUEL	2
FULL	27
FULLY	5
FUMES	1
FUN	18
FUNCTION	9
FUNCTIONAL	1
FUNCTIONS	1
FUND	1
FUNDAMENTAL	1
FUNDS	7
FUNERAL	1
FUNNIER	2
FUNNILY	5
FUNNY	40
FUR	4
FURIOUS	2
FURNITURE	5
FURTHER	27
FURTIVELY	1
FUSS	2
FUTILE	1
FUTILITY	1
FUTURE	14
G	3
GAD	1
GAFFER	1
GAFFES	1
GAIN	1
GAINFUL	1
GAINS	4
GAITERS	1
GALLERY	1
GALLON	4
GALLONS	4
GALLOPED	1
GAMBLING	1
GAME	9
GAMES	6
GANG	1
GANGWAYS	2
GAOL	2
GAP	4
GAPS	1
GARAGE	1
GARBAGE	7
GARDEN	14
GARDENER	2
GARDENS	1
GARMENT	1
GARMENTS	1
GAS	2
GASPED	2
GATE	3
GATES	2
GATHER	11
GATHERED	6
GATHERING	1
GAVE	46
GAY	1
GEAR	2
GEARED	2
GEARING	1
GELIGNITE	1
GEM	1
GEN	1
GENDER	1
GENERAL	73
GENERALIZE	2
GENERALLY	14
GENERALS	2
GENERATION	6
GENERATIONS	4
GENEROSITY	1
GENEROUS	3
GENIAL	3
GENIUS	3
GENRE	1
GENTLE	2
GENTLEMAN	6
GENTLEMEN	2
GENTRY	1
GENUINE	3
GENUINELY	7
GEOGRAPHERS	1
GEOGRAPHICALLY	2
GEOGRAPHY	8
GEOLOGICAL	1
GERMINATING	1
GESTURE	1
GET	551
GETS	35
GETTING	116
GHASTLY	7
GHETTO	1
GHOST	14
GHOSTLY	1
GIANT	1
GIBBERISH	1
GIFT	7
GIFTED	2
GIFTS	3
GIGANTIC	1
GIGGLE	2
GIGGLED	1
GIGGLES	3
GIMMICK	1
GIN	4
GIRL	44
GIRLS	17
GIST	2
GIVE	102
GIVEN	51
GIVERS	1
GIVES	20
GIVING	32
GLAD	14
GLADLY	1
GLAND	1
GLASS	18
GLASSED	1
GLASSES	20
GLAZED	1
GLAZING	1
GLIMMER	1
GLIMPSE	1
GLIMPSING	1
GLOOMY	1
GLORIFYING	1
GLORIOUSLY	1
GLOSS	1
GLOSSARIES	1
GLOSSARY	1
GLOVES	4
GLOWING	1
GO	435
GOATS	1
GOD	73
GODS	3
GODSEND	1
GOES	68
GOING	459
GOINGS	1
GOLD	5
GOLDEN	2
GOLDY	1
GOLF	1
GOLLY	6
GONE	78
GOOD	394
GOODBYE	6
GOODIES	2
GOODNESS	19
GOODS	1
GORGEOUS	2
GOSH	25
GOSSIP	2
GOT	788
GOTTA	1
GOVERNMENT	12
GOVERNMENTS	1
GRABBING	1
GRACE	1
GRACEFULLY	1
GRACIOUS	5
GRADATION	1
GRADE	1
GRADING	1
GRADUALLY	2
GRADUATE	11
GRADUATED	2
GRADUATES	6
GRAFFITI	5
GRAFTED	1
GRAMMAR	11
GRAMMARIANS	2
GRAMMARS	1
GRAMMATICAL	1
GRAND	6
GRANDCHILDREN	5
GRANDFATHER	3
GRANDMAS	1
GRANDMOTHER	2
GRANDSON	4
GRANDSONS	1
GRANNIES	1
GRANNY	10
GRANT	14
GRANTED	1
GRANTS	1
GRAPE	1
GRAPES	7
GRAPHOLOGY	5
GRASP	1
GRASPING	1
GRATEFUL	13
GRAVE	2
GRAVEL	1
GREAT	110
GREATER	1
GREATEST	5
GREATLY	1
GREEN	9
GREW	1
GREY	7
GRIM	3
GRIMLY	1
GRIND	2
GRINDING	3
GRIP	1
GROANING	1
GROOM	2
GROOMED	1
GROOMING	1
GROSS	1
GROT	1
GROTESQUE	5
GROTTY	1
GROUND	13
GROUNDS	9
GROUP	17
GROUPING	1
GROUPS	5
GROUSES	1
GROW	4
GROWERS	2
GROWING	4
GROWN	8
GROWS	2
GROWTHS	1
GRUMBLE	1
GUARANTEE	13
GUARD	2
GUARDED	1
GUARDIAN	3
GUARDING	2
GUESS	15
GUESSED	1
GUESSING	1
GUEST	1
GUESTS	2
GUIDANCE	4
GUIDE	2
GUIDEBOOK	1
GUIDEBOOKS	3
GUILTY	3
GUINNESS	22
GUN	4
GUNS	2
GUSHING	1
GUT	1
GUTS	1
GUTTED	1
GUY	15
GUY'S	1
GUYS	6
GYNAECOLOGIST	1
GYNAECOLOGY	1
H	6
HA	8
HABIT	7
HACKNEYED	1
HAD	615
HADN'T	52
HAH	3
HAIR	11
HAIRS	2
HAIRY	1
HALF	80
HALFPENNY	1
HALL	4
HALLO	1
HALLS	1
HALT	1
HAMMER	2
HAND	42
HANDBAG	1
HANDED	2
HANDFUL	2
HANDICAPPED	4
HANDIER	1
HANDING	1
HANDLE	9
HANDLED	2
HANDLING	2
HANDS	11
HANDSOMELY	1
HANDWRITING	3
HANDY	4
HANG	8
HANGING	4
HANGS	1
HAPPEN	41
HAPPENED	56
HAPPENING	10
HAPPENS	22
HAPPIER	3
HAPPILY	4
HAPPY	32
HARANGUE	2
HARBOUR	2
HARD	32
HARDBACK	1
HARDER	6
HARDEST	1
HARDISH	1
HARDLY	9
HARDWARE	1
HARDWORKING	1
HARM	3
HARMFUL	6
HARMLESS	1
HARNESS	1
HARVESTED	1
HAS	313
HASTEN	1
HASTY	1
HAT	3
HATCHWAY	1
HATE	9
HATED	1
HATER	1
HATES	3
HATH	1
HATS	2
HAULED	1
HAUNCHES	1
HAVE	1365
HAVEN'T	187
HAVING	119
HAVOC	1
HAYSTACK	1
HAYSTACKS	1
HE	1464
HE'D	59
HE'LL	20
HE'S	393
HEAD	45
HEADACHE	3
HEADACHES	1
HEADING	1
HEADLAND	2
HEADLINES	1
HEADMASTER	3
HEADQUARTERS	1
HEADS	9
HEADSTONE	1
HEADWAY	1
HEALTH	10
HEALTHY	1
HEAPS	1
HEAR	34
HEARD	82
HEARING	2
HEARS	1
HEART	14
HEARTBROKEN	1
HEAT	2
HEATHER	1
HEATING	8
HEAVEN	2
HEAVENLY	1
HEAVENS	13
HEAVILY	11
HEAVINESS	1
HEAVING	1
HEAVY	7
HECTIC	4
HEIGHT	1
HELD	10
HELL	29
HELLO	16
HELP	43
HELPED	5
HELPFUL	9
HELPING	5
HELPLESS	2
HELPS	3
HENCE	8
HER	255
HERE	216
HERE'S	5
HEROES	1
HERS	2
HERSELF	8
HESITATED	1
HESITATION	3
HEY	2
HEYDAY	2
HIATUS	1
HIDDEN	2
HIDE	2
HIDEOUS	4
HIDEOUSLY	1
HIERARCHY	6
HIEROGLYPH	1
HIGH	29
HIGHER	13
HIGHEST	1
HIGHFLOWN	1
HIGHLY	17
HILARIOUS	1
HILL	1
HILLS	5
HIM	362
HIMSELF	35
HINDSIGHT	1
HINGED	1
HINT	3
HINTS	2
HIRE	4
HIRED	2
HIS	354
HISSED	1
HISTORICAL	6
HISTORICALLY	1
HISTORIES	2
HISTORY	51
HIT	10
HITCH	1
HITCHED	1
HITHER	1
HITTING	1
HIVE	1
HIVED	1
HO	3
HOBBIES	1
HOG	1
HOLD	18
HOLDING	7
HOLDINGS	1
HOLDS	1
HOLES	1
HOLIDAY	19
HOLIDAYS	9
HOLLOW	1
HOLY	3
HOME	81
HOMELAND	1
HOMELY	1
HOMES	2
HOMOPHONES	1
HONEST	5
HONESTLY	11
HONESTY	1
HONEYMOON	3
HONOURS	24
HOO	1
HOOEY	1
HOOK	2
HOOKS	1
HOOVER	1
HOOVERING	1
HOP	1
HOPE	34
HOPED	2
HOPEFULLY	1
HOPELESS	4
HOPELESSLY	1
HOPES	4
HOPING	7
HOPPING	1
HOPS	2
HORIZON	2
HORN	1
HORNY	4
HORRIBLE	20
HORRIBLY	2
HORRID	4
HORRIFIED	4
HORRIFYING	1
HORROR	1
HORRORS	4
HORSE	1
HORSES	1
HOSPITABLE	1
HOSPITAL	12
HOSPITALITY	1
HOSTILE	1
HOT	7
HOTEL	9
HOTELS	1
HOUR	27
HOURLY	1
HOURS	27
HOUSE	57
HOUSED	1
HOUSEHOLD	3
HOUSEKEEPER	1
HOUSEKEEPERS	1
HOUSEMAN	1
HOUSEMOTHER	3
HOUSES	5
HOUSING	1
HOVERING	1
HOW	329
HOW'S	7
HOWEVER	15
HOWL	1
HUFFY	1
HUGE	12
HUGGING	1
HUMAN	11
HUMANE	1
HUMANIST	1
HUMANITY	1
HUMBLE	1
HUMILIATION	1
HUMORIST	1
HUMOUR	4
HUMP	1
HUNCHES	1
HUNDRED	84
HUNDREDS	4
HUNDREDWEIGHT	1
HUNG	2
HUNGRY	1
HUNT	1
HUNTING	1
HUNTS	1
HURRIED	1
HURRY	4
HURT	4
HURTING	1
HUSBAND	14
HUSKY	1
HUTS	1
HYDROELECTRIC	1
HYDROLOGY	3
HYPERBOLE	1
HYPHENS	1
HYSTERICS	4
I	6797
I'D	187
I'LL	137
I'M	619
I'VE	422
ICEBERG	1
IDEA	57
IDEAL	5
IDEALISM	2
IDEALLY	2
IDEAS	15
IDENTICAL	1
IDENTIFIABLE	1
IDENTIFIED	1
IDENTIFY	2
IDIOM	2
IDIOMS	2
IDIOSYNCRATIC	2
IDIOT	1
IDIOTS	2
IE	1
IF	757
IGNOBLE	1
IGNORANCE	4
IGNORANT	2
IGNORE	1
ILK	1
ILL	12
ILLEGAL	3
ILLEGIBLE	2
ILLITERACY	1
ILLOGICAL	3
ILLUMINATED	2
ILLUSTRATIONS	1
ILLUSTRATIVE	1
IMAGE	10
IMAGERY	2
IMAGINATION	6
IMAGINATIVE	1
IMAGINE	29
IMAGINED	3
IMBIBE	1
IMITATION	1
IMMATURE	2
IMMEDIATE	5
IMMEDIATELY	25
IMMENSE	2
IMMIGRANTS	1
IMMORAL	1
IMPACT	3
IMPARTIAL	1
IMPARTIALLY	1
IMPASSE	1
IMPATIENT	1
IMPENDING	1
IMPERFECT	2
IMPERIAL	3
IMPERIALISM	1
IMPERTINENCE	1
IMPLICATION	1
IMPLICATIONS	1
IMPLICITLY	1
IMPLY	1
IMPONDERABLE	1
IMPORT	2
IMPORTANCE	3
IMPORTANT	35
IMPORTANTLY	1
IMPORTED	1
IMPORTUNATE	1
IMPOSE	1
IMPOSED	3
IMPOSING	2
IMPOSSIBLE	14
IMPOSSIBLY	2
IMPRACTICABLE	2
IMPRACTICAL	1
IMPRESS	2
IMPRESSED	3
IMPRESSION	18
IMPRESSIONISM	1
IMPRESSIONIST	2
IMPRESSIONISTS	1
IMPRESSIONS	8
IMPRESSIVE	5
IMPRINT	1
IMPROVE	4
IMPROVED	2
IMPROVEMENT	2
IMPROVES	2
IMPROVISED	2
IMPULSE	1
IN	3123
INACCURATE	1
INANITY	1
INARTICULATE	1
INBRED	1
INBREEDING	2
INCAPABLE	2
INCENTIVE	2
INCHES	1
INCHOATIVE	1
INCIDENTAL	1
INCIDENTALLY	8
INCITE	1
INCLINATION	1
INCLINED	2
INCLUDE	8
INCLUDED	3
INCLUDES	4
INCLUDING	13
INCOHERENT	1
INCOME	14
INCOMPREHENSIBLE	4
INCONCEIVABLE	1
INCONSIDERATE	1
INCREASE	2
INCREASED	2
INCREASES	1
INCREASING	2
INCREASINGLY	1
INCREDIBLE	15
INCREDIBLY	7
INDEED	58
INDEFINITELY	1
INDELICACY	1
INDEPENDENCE	1
INDEPENDENT	3
INDEPENDENTLY	3
INDICATE	1
INDICATION	2
INDIFFERENT	1
INDIGENOUS	1
INDIGESTION	1
INDIGNANT	1
INDIRECTLY	1
INDISPUTABLE	1
INDIVIDUAL	16
INDIVIDUALITY	1
INDIVIDUALLY	1
INDIVIDUALS	3
INDIVISIBLE	1
INDUCTION	1
INDULGED	1
INDUSTRIAL	3
INDUSTRIES	3
INDUSTRY	10
INEFFICIENCY	1
INEFFICIENT	2
INEVITABLY	3
INEXCUSABLE	2
INEXPERIENCE	2
INFANTRY	1
INFANTS	3
INFECTED	1
INFECTION	1
INFER	1
INFERENCE	1
INFERIOR	2
INFERRING	1
INFIDELITY	1
INFINITE	1
INFINITY	4
INFIRM	1
INFLECTED	4
INFLECTION	1
INFLICT	1
INFLUENCE	2
INFLUENCED	2
INFORM	3
INFORMAL	2
INFORMATION	8
INFORMED	2
INFORMING	1
INFRINGE	1
INHABITANTS	1
INHERITANCE	2
INHERITED	3
INHUMAN	1
INITIAL	7
INITIALLY	4
INITIALS	1
INJURY	1
INJUSTICE	1
INK	1
INLAND	1
INNOCENT	3
INNOCUOUS	2
INSERTING	2
INSIDE	16
INSIST	2
INSISTED	6
INSISTS	1
INSOLUBLE	1
INSPECTION	1
INSPECTOR	5
INSPIRED	2
INSTALMENTS	2
INSTANCE	41
INSTANCES	1
INSTANT	2
INSTANTLY	1
INSTEAD	23
INSTINCT	2
INSTINCTIVELY	1
INSTINCTS	1
INSTITUTE	8
INSTITUTED	1
INSTITUTION	5
INSTITUTIONAL	1
INSTITUTIONS	10
INSTRUCTING	1
INSTRUCTION	4
INSTRUCTIONS	4
INSTRUMENT	3
INSTRUMENTAL	1
INSTRUMENTS	1
INSURANCE	4
INSURRECTION	2
INSURRECTIONS	1
INTAKE	1
INTAKES	1
INTEGRAL	2
INTELLECT	1
INTELLECTUAL	8
INTELLECTUALLY	2
INTELLIGENCE	4
INTELLIGENT	6
INTEND	1
INTENDED	8
INTENDS	1
INTENSE	3
INTENSELY	1
INTENSITY	2
INTENSIVE	3
INTENTION	3
INTERCHANGE	2
INTERDISCIPLINARY	1
INTEREST	36
INTERESTED	70
INTERESTING	96
INTERESTINGLY	3
INTERESTS	11
INTERFERE	1
INTERFERED	1
INTERIM	1
INTERLINKED	1
INTERMEDIATE	1
INTERMINABLE	1
INTERMINGLING	1
INTERNAL	6
INTERNATIONAL	14
INTERPRET	1
INTERPRETATION	2
INTERPRETING	3
INTERRACIAL	1
INTERRELATIONSHIP	1
INTERRUPT	2
INTERRUPTED	1
INTERRUPTING	1
INTERSECT	1
INTERVAL	4
INTERVALS	1
INTERVENING	1
INTERVENTION	1
INTERVIEW	37
INTERVIEWED	9
INTERVIEWING	4
INTERVIEWS	1
INTIMATE	1
INTIMATIONS	1
INTO	217
INTOLERABLE	4
INTONATION	1
INTRIGUED	3
INTRIGUING	1
INTRINSICALLY	1
INTRODUCE	4
INTRODUCED	11
INTRODUCER	1
INTRODUCING	3
INTRODUCTION	1
INTRODUCTIONS	1
INTROSPECTION	1
INVADE	1
INVADED	2
INVALID	1
INVALIDED	2
INVENT	1
INVENTED	3
INVENTION	1
INVEST	4
INVESTED	2
INVESTIGATE	1
INVESTIGATES	1
INVESTIGATING	1
INVESTIGATION	3
INVESTMENT	5
INVESTMENTS	1
INVITATION	3
INVITE	1
INVITING	1
INVOLVE	2
INVOLVED	16
INVOLVES	2
INVOLVING	1
INWARDNESS	1
IRON	1
IRONICAL	1
IRONICALLY	1
IRONING	1
IRONY	1
IRREGULAR	1
IRRELEVANT	1
IRRESPECTIVE	1
IRRIGATION	1
IRRITATED	1
IS	2100
ISLAND	3
ISN'T	257
ISOLATE	1
ISOLATED	2
ISOLATION	2
ISSUE	5
ISSUED	3
ISSUES	1
IT	3653
IT'LL	29
IT'S	1371
ITALICS	1
ITCHING	1
ITEM	2
ITEMS	5
ITS	70
ITSELF	20
J	3
JAIL	1
JAILED	1
JAM	1
JAMBOREE	2
JAMPACKED	1
JANITORS	1
JANUARY	6
JAP	1
JARGON	2
JAUNDICE	1
JAW	2
JAZZY	1
JEALOUS	1
JESUS	5
JIGS	1
JOB	119
JOBS	15
JOIN	9
JOINED	4
JOINERS	1
JOINT	7
JOINTLY	1
JOKE	6
JOKES	2
JOLLY	32
JOURNALISM	1
JOYS	1
JUDGE	6
JUDGED	1
JUDGEMENT	1
JUDGES	2
JUDGING	2
JUG	1
JUGGLE	1
JULY	18
JUMBLE	2
JUMPED	1
JUMPER	1
JUMPS	2
JUNCTION	3
JUNE	14
JUNGLE	1
JUNIOR	8
JUNKETING	1
JUST	670
JUSTICE	1
JUSTIFICATION	1
JUSTIFIED	2
JUSTIFY	2
K	7
KANGAROO	4
KEEN	13
KEEP	56
KEEPING	6
KEEPS	9
KEPT	33
KETTLE	7
KEY	19
KEYS	5
KHAKI	1
KICK	3
KICKED	2
KICKING	1
KICKS	1
KID	15
KIDDIES	1
KIDDY	2
KIDNEYS	1
KIDS	21
KILL	4
KILLED	9
KILLING	5
KIND	150
KINDLY	4
KINDNESS	2
KINDS	14
KING	4
KINGDOM	2
KINGFISHER	3
KINGS	2
KINGSHIP	1
KIT	10
KITCHEN	9
KITS	3
KNEE	1
KNEES	4
KNEW	86
KNICKERBOCKERS	1
KNIFE	1
KNIGHT	4
KNIGHTS	1
KNITTED	3
KNITTING	11
KNIVES	1
KNOCK	2
KNOCKED	6
KNOCKING	4
KNOCKS	1
KNOW	1621
KNOWING	15
KNOWLEDGE	17
KNOWN	37
KNOWS	30
KNUCKLE	1
KRAAL	1
L	3
LA	1
LAAGER	1
LAB	1
LABEL	10
LABELS	1
LABORATORIES	1
LABORATORY	1
LABOUR	5
LACK	4
LACKING	3
LAD	3
LADDER	2
LADDERS	1
LADIES	5
LADS	2
LADY	9
LAGER	6
LAGERS	3
LAGGING	1
LAID	3
LAIRD	1
LAKE	1
LAKES	1
LAKY	1
LAME	1
LAND	6
LANDED	3
LANDLADY	1
LANDLORD	1
LANDOWNERS	1
LANDS	1
LANDSCAPE	6
LANDSCAPES	1
LANGUAGE	68
LANGUAGES	17
LAP	1
LAPPED	1
LARGE	28
LARGELY	7
LARGER	1
LARGEST	2
LARK	2
LARKING	2
LAST	184
LASTED	1
LASTING	1
LASTS	1
LATCHES	1
LATE	36
LATELY	7
LATER	33
LATEST	1
LATION	1
LATTER	4
LAUDABLE	1
LAUGH	6
LAUGHED	4
LAUGHING	6
LAUGHS	1
LAUGHTER	1
LAUNCH	1
LAUNCHED	1
LAVATORIES	2
LAVATORY	4
LAW	23
LAWS	1
LAWYER	1
LAWYERS	3
LAY	1
LAYER	1
LAYERS	1
LAYMAN	4
LAZIEST	1
LAZY	3
LE	1
LEAD	3
LEADING	11
LEADS	1
LEAFLET	1
LEAN	1
LEANING	1
LEAP	1
LEARN	18
LEARNING	4
LEARNT	9
LEAST	49
LEAVE	54
LEAVES	4
LEAVING	9
LECTURE	41
LECTURED	1
LECTURER	37
LECTURERS	7
LECTURES	37
LECTURESHIP	1
LECTURING	12
LED	16
LEFT	82
LEGACY	2
LEGAL	2
LEGALLY	3
LEGEND	1
LEGS	5
LEISURE	1
LEMON	5
LEND	7
LENDS	1
LENGTH	5
LENS	3
LENSES	2
LENT	2
LES	1
LESBIAN	1
LESS	56
LESSER	1
LESSONS	3
LET	64
LET'S	39
LETHAL	2
LETS	3
LETTER	46
LETTERS	26
LETTING	3
LEVEL	20
LEVELS	1
LEXICAL	2
LEXICOGRAPHY	3
LEXIS	1
LIABLE	1
LIB	1
LIBERALS	1
LIBRARIAN	4
LIBRARIANSHIP	1
LIBRARIES	2
LIBRARY	55
LICENCE	1
LICENCES	2
LICKING	1
LIE	1
LIES	2
LIFE	43
LIFELESS	1
LIFETIME	2
LIFETIMES	1
LIFT	7
LIFTED	2
LIGHT	12
LIGHTENS	1
LIGHTER	2
LIGHTING	2
LIGHTS	2
LIKE	600
LIKED	14
LIKELY	13
LIKES	11
LIKEWISE	1
LIKING	5
LIME	1
LIMIT	4
LIMITATIONS	1
LIMITED	5
LIMITLESS	1
LINE	36
LINEAR	2
LINED	4
LINEN	2
LINES	20
LINGUAPHONE	5
LINGUIST	5
LINGUISTIC	6
LINGUISTICS	33
LINGUISTS	2
LINK	2
LINKS	3
LIP	1
LIPS	1
LIQUEUR	1
LIQUID	4
LIST	27
LISTED	3
LISTEN	13
LISTENED	4
LISTENER	1
LISTENERS	2
LISTENING	10
LISTENS	1
LISTS	1
LIT	5
LITERALLY	19
LITERARY	19
LITERATURE	70
LITMUS	1
LITRE	1
LITTERED	1
LITTLE	193
LIVE	43
LIVED	20
LIVELIER	1
LIVELY	2
LIVENED	1
LIVER	1
LIVES	16
LIVID	1
LIVING	53
LOAD	4
LOADED	1
LOADS	1
LOAFED	1
LOAN	5
LOATHE	1
LOATHED	1
LOCAL	16
LOCALLY	1
LOCALS	1
LOCATIONS	1
LOCK	4
LOCKED	1
LOCKER	2
LODGES	1
LODGINGS	1
LOG	2
LOGGER	2
LOGIC	1
LOGICAL	4
LOGICALLY	1
LOGISTICS	1
LONE	1
LONELY	6
LONG	135
LONGER	20
LONGHAND	1
LONGING	3
LOO	2
LOOK	156
LOOKED	45
LOOKING	51
LOOKS	39
LOONY	1
LOOPHOLE	2
LOOPHOLES	12
LOOPY	1
LOOS	2
LOOSE	3
LOOSELY	1
LOOSENING	1
LORDS	2
LORDSHIP	1
LORRIES	2
LORRY	1
LOSE	17
LOSER	1
LOSING	1
LOSS	3
LOST	24
LOT	218
LOTS	36
LOUD	3
LOUSY	3
LOUTS	1
LOVE	26
LOVED	5
LOVELY	70
LOVERS	7
LOVES	4
LOW	7
LOWER	3
LOYALTIES	1
LOYALTY	1
LSD	1
LUCID	1
LUCK	4
LUCKILY	2
LUCKY	6
LUDICROUS	1
LUDO	1
LUGGAGE	1
LUGGING	1
LUMBERED	3
LUMMY	1
LUMP	1
LUMPS	1
LUNCH	28
LUNCHED	2
LUNCHES	1
LUNCHING	1
LUNG	10
LUSTY	1
LYING	2
M	22
MA	9
MAC	1
MACHINE	23
MACHINERY	1
MACHINES	3
MACROSCOPIC	2
MAD	16
MADDENING	2
MADE	100
MADLY	2
MADNESS	3
MADONNA	1
MAGAZINE	7
MAGAZINES	3
MAGIC	3
MAGISTRATE	1
MAGISTRATES	1
MAGNETIC	1
MAGNIFICENT	3
MAGNIFICENTLY	1
MAID	1
MAIL	1
MAIN	32
MAINLY	5
MAINTAIN	7
MAINTAINED	1
MAINTAINING	1
MAINTENANCE	1
MAJOR	13
MAJORITY	6
MAKE	147
MAKER	2
MAKES	37
MAKING	26
MALARIA	3
MALE	1
MALES	1
MALICIOUS	2
MALIGNANT	2
MALT	2
MAM	2
MAN	138
MANAGE	5
MANAGED	7
MANAGEMENT	16
MANAGER	5
MANAGERS	1
MANAGES	1
MANFULLY	1
MANGO	1
MANIFEST	2
MANIFESTATION	1
MANIFESTATIONS	1
MANIFESTED	1
MANNER	5
MANSE	2
MANSION	1
MANSIONS	1
MANUALLY	1
MANUFACTURING	2
MANUSCRIPT	5
MANUSCRIPTS	2
MANY	95
MAP	20
MAPPED	1
MAPS	6
MARATHON	1
MARBLED	1
MARCH	6
MARCHES	1
MARES	1
MARGIN	1
MARGINAL	4
MARGINALLY	2
MARINE	1
MARK	17
MARKED	6
MARKET	9
MARKETED	1
MARKETING	1
MARKING	3
MARKS	13
MARQUEES	1
MARRIAGE	3
MARRIAGES	1
MARRIED	38
MARRY	3
MARSHY	1
MARTINI	1
MARVELLOUS	17
MASK	1
MASKED	4
MASS	5
MASSAGING	1
MASSES	3
MASTER	5
MASTERPIECES	1
MASTERS	1
MATCH	6
MATCHES	1
MATCHING	1
MATE	2
MATERIAL	25
MATERIALIZES	1
MATERIALS	3
MATES	1
MATHEMATICAL	1
MATHEMATICIAN	3
MATHEMATICIANS	2
MATHEMATICS	13
MATHS	6
MATTER	39
MATTERED	1
MATTERS	8
MATTRESS	3
MATURED	3
MATURITY	1
MAXIM	1
MAXIMUM	3
MAY	157
MAYBE	24
MAYHEM	1
ME	528
MEAK	5
MEAL	8
MEALS	3
MEAN	842
MEANING	13
MEANINGLESS	2
MEANNESS	1
MEANS	53
MEANT	40
MEANTIME	2
MEANWHILE	4
MEASURE	5
MEASURED	1
MEASUREMENTS	3
MEASURES	1
MEASURING	1
MEAT	2
MECHANISM	2
MEDAL	1
MEDALS	1
MEDIA	12
MEDICAL	5
MEDICALLY	1
MEDICINE	21
MEDIEVAL	20
MEDIOCRE	2
MEDIUM	4
MEET	30
MEETING	42
MEETINGS	2
MEETS	2
MELLOW	1
MELLOWED	1
MELT	2
MEMBER	16
MEMBERS	14
MEMOIRS	1
MEMORANDUM	1
MEMORIES	1
MEMORY	6
MEN	29
MEND	1
MENDS	1
MENIAL	1
MENINGITIS	1
MENTAL	4
MENTALITY	2
MENTALLY	1
MENTHOL	2
MENTION	18
MENTIONED	25
MENTIONING	2
MENTIONS	1
MENU	1
MERCENARY	1
MERCHANT	1
MERE	1
MERELY	23
MERETRICIOUS	1
MERGE	2
MERGER	1
MERMAID	1
MESS	9
MESSAGE	5
MESSAGES	2
MESSED	1
MESSING	1
MET	46
METAL	2
METALLURGIST	1
METALLURGY	1
METAPHYSICAL	1
METEORIC	1
METEOROLOGICAL	1
METEOROLOGIST	1
METEOROLOGISTS	1
METER	1
METHOD	5
METHODS	5
METHS	1
METRE	5
METRES	2
MI	4
MICE	3
MICROFILM	1
MICROFILMS	2
MICROPHONE	1
MICROPHONES	2
MID	3
MIDDEN	1
MIDDLE	44
MIDGET	2
MIDWINTER	1
MIGHT	143
MIGHTN'T	3
MILD	4
MILDER	1
MILDLY	1
MILE	1
MILES	9
MILITARISTIC	2
MILITARY	9
MILK	12
MILKED	1
MILKMAN	1
MILLION	11
MILLIONAIRES	2
MILLIONS	5
MILLSTONE	1
MIND	99
MINDED	1
MINDLESS	1
MINDS	3
MINE	30
MINERS	3
MINES	1
MINGY	1
MINIMAL	2
MINIMUM	8
MINING	2
MINISTER	4
MINISTRY	4
MINOR	2
MINORITY	1
MINUTE	18
MINUTES	32
MIRACLE	1
MIRACLES	1
MIRACULOUS	1
MISCELLANEOUS	2
MISCHIEVOUSLY	1
MISCONSTRUE	1
MISCONSTRUED	1
MISERABLE	2
MISERY	1
MISGIVINGS	2
MISLEADING	2
MISLED	1
MISPLACED	1
MISS	19
MISSES	1
MISSING	5
MISSIONARY	1
MISTAKE	9
MISTAKEN	2
MISTAKES	1
MISTRUSTED	1
MISTS	1
MISUNDERSTAND	1
MISUNDERSTANDING	2
MITIGATE	1
MITIGATED	1
MIX	5
MIXED	11
MIXTURE	3
MO	1
MOBILIZE	1
MOCKING	1
MODE	1
MODEL	2
MODERATOR	1
MODERN	51
MODERNIST	2
MODES	2
MODEST	1
MODESTY	1
MODIFICATION	1
MODIFIED	1
MODISH	1
MODULATOR	1
MOLE	1
MOMENT	106
MOMENTOUS	1
MOMENTS	1
MONASTERIES	1
MONASTERY	2
MONASTIC	1
MONDAY	17
MONEY	88
MONGREL	1
MONGRELS	1
MONIES	1
MONKEYING	1
MONOGRAPHS	4
MONOPOLIZING	1
MONOPOLY	1
MONSIEUR	1
MONSOON	1
MONTH	28
MONTHLY	1
MONTHS	54
MONUMENTAL	1
MOOD	4
MOON	1
MORAL	5
MORALE	1
MORALITIES	3
MORBID	1
MORE	340
MOREOVER	1
MORGUE	1
MORNING	58
MORNINGS	7
MORTGAGE	3
MORTISE	1
MOST	126
MOSTLY	9
MOTELS	1
MOTHER	59
MOTHERS	1
MOTION	1
MOTIVES	1
MOULDING	1
MOUNTAIN	1
MOUNTAINS	3
MOUSE	2
MOUSETRAP	1
MOUSTACHE	1
MOUTH	10
MOUTHING	1
MOUTHPIECE	1
MOVE	9
MOVED	16
MOVEMENT	1
MOVES	5
MOVIE	1
MOVING	8
MP	1
MR	39
MRS	16
MUCH	395
MUCK	1
MUCKED	1
MUCKING	2
MUDDLE	3
MUDDLED	1
MUFTI	2
MULTIFARIOUS	1
MULTIPLE	6
MUM	4
MUMBLE	1
MUMBLED	2
MUMMY	2
MURDER	7
MUSCLES	1
MUSE	1
MUSEUM	14
MUSH	2
MUSIC	23
MUSICIANS	1
MUSICOLOGIST	3
MUSICOLOGY	1
MUSKETRY	1
MUST	218
MUSTN'T	15
MUTINEERS	1
MUTINIED	1
MUTINOUS	1
MUTINY	1
MUTTER	1
MUTUAL	1
MUZZY	1
MY	519
MYOPIC	1
MYSELF	65
MYSTERIES	1
MYSTERIOUS	2
MYSTERY	1
MYSTIC	1
N	7
NAILS	1
NAIVE	4
NAIVETE	1
NAKEDLY	1
NAME	53
NAMED	4
NAMELESS	1
NAMELY	2
NAMES	22
NANNY	2
NAPPIES	2
NARROW	4
NARROWED	1
NASTY	14
NATION	5
NATIONAL	17
NATIONALISM	1
NATIONALITIES	1
NATIONALITY	1
NATIONALIZED	2
NATIONS	3
NATIVE	2
NATURAL	5
NATURALLY	7
NATURE	9
NAUSEATED	1
NAVAL	1
NAVY	3
NEAR	24
NEARBY	2
NEARER	9
NEAREST	8
NEARLY	22
NEAT	2
NEBULOUS	1
NECESSARILY	10
NECESSARY	17
NECESSITY	2
NECK	3
NECROMANCY	1
NEED	59
NEEDED	8
NEEDING	1
NEEDLES	1
NEEDN'T	7
NEEDS	18
NEGATIVE	2
NEGLECT	1
NEGLECTING	1
NEGOTIATING	2
NEGOTIATION	2
NEGRO	2
NEITHER	6
NERVE	2
NERVES	3
NERVOUS	6
NET	1
NETWORK	2
NEUROLOGY	1
NEUTRAL	2
NEUTRALITY	1
NEVER	216
NEVERTHELESS	12
NEW	127
NEWEST	1
NEWLY	1
NEWS	7
NEWSPAPER	3
NEXT	89
NICE	155
NICEST	2
NICHE	2
NICK	2
NICKEL	1
NICKNAME	2
NIECE	1
NIGGLING	1
NIGHT	67
NIGHTGOWNS	1
NIGHTMARE	1
NIGHTMARISH	1
NIGHTS	5
NINE	20
NINEPENCE	2
NINETEEN	64
NINETEENTH	10
NINETY	8
NINNY	1
NINTH	2
NIPPED	1
NIT	1
NITWIT	1
NO	1283
NOBILITY	4
NOBLE	4
NOBODY	56
NOD	1
NODDED	1
NODULES	1
NOISE	9
NOISES	2
NOISIER	2
NOISY	2
NOMINAL	5
NOMINATIVE	1
NON	1
NONCONFORMIST	1
NONDESCRIPT	1
NONE	18
NONSENSE	5
NOR	5
NORMAL	11
NORMALIZE	1
NORMALLY	17
NORTH	41
NORTHERN	12
NORTHWEST	2
NOSE	3
NOT	929
NOTABLE	1
NOTATIONS	1
NOTCH	1
NOTE	12
NOTEBOOKS	1
NOTED	1
NOTES	10
NOTHING	66
NOTICE	21
NOTICEABLE	1
NOTION	6
NOUGHT	1
NOUN	3
NOVEL	17
NOVELIST	1
NOVELISTS	5
NOVELS	22
NOVELTY	2
NOVEMBER	3
NOW	544
NOWADAYS	3
NOWHERE	7
NUDE	1
NUISANCE	1
NULL	1
NUMBER	57
NUMBERS	9
NUMERICAL	1
NUMEROUS	3
NURSE	4
NURSES	4
NURSING	9
NUT	1
NUTRITION	1
NUTTER	1
O	7
O'CLOCK	14
OBEY	2
OBEYS	1
OBJECT	12
OBJECTED	1
OBJECTION	4
OBJECTIONABLE	1
OBJECTIONS	1
OBJECTIVE	5
OBJECTIVELY	1
OBJECTS	1
OBLIGATORY	1
OBLIGED	4
OBLIGING	1
OBOES	1
OBSCENE	1
OBSCURE	1
OBSCURED	1
OBSERVABLE	1
OBSERVATIONS	1
OBSERVATORIES	1
OBSERVATORY	1
OBSERVE	3
OBSERVED	1
OBSERVER	3
OBSERVERS	1
OBSESSED	1
OBSOLESCENT	2
OBSOLETE	2
OBSTETRICS	2
OBSTINATE	1
OBTAINED	1
OBTRUDE	1
OBVIOUS	21
OBVIOUSLY	82
OCCASION	12
OCCASIONAL	2
OCCASIONALLY	7
OCCASIONS	6
OCCUPATION	1
OCCUPIED	3
OCCUPY	1
OCCUR	6
OCCURRED	4
OCCURS	2
OCEAN	2
OCTOBER	16
OCULIST	1
ODD	25
ODDEST	1
ODDLY	1
ODDMENTS	1
ODDS	1
OF	4253
OFF	148
OFFEND	3
OFFENDED	2
OFFENDING	1
OFFENDS	2
OFFER	14
OFFERED	15
OFFERING	6
OFFERINGS	1
OFFERS	2
OFFICE	18
OFFICER	10
OFFICERS	8
OFFICES	2
OFFICIAL	10
OFFICIALLY	5
OFFLICENCE	1
OFFSET	1
OFTEN	27
OH	993
OIL	10
OINTMENT	4
OK	34
OLD	142
OLDEN	1
OLDER	14
OLDEST	4
OLIVES	1
OMEGAS	1
OMINOUS	1
OMITTED	1
ON	1360
ONCE	71
ONE	958
ONES	51
ONESELF	9
ONLY	300
ONTO	14
ONWARDS	3
OPEN	28
OPENED	12
OPENER	1
OPENING	4
OPENINGS	1
OPENLY	1
OPENS	1
OPERATE	1
OPERATED	1
OPERATES	3
OPERATING	1
OPERATION	4
OPERATOR	1
OPINION	8
OPINIONS	2
OPPORTUNITIES	2
OPPORTUNITY	8
OPPOSED	1
OPPOSITE	12
OPPOSITION	1
OPPRESSIVE	1
OPT	7
OPTATIVE	1
OPTED	3
OPTION	7
OPTIONS	5
OPTS	2
OPUS	1
OR	808
ORAL	3
ORANGE	3
ORANGES	4
ORCHESTRA	3
ORCHESTRAL	1
ORDEAL	1
ORDER	36
ORDERED	4
ORDERLY	1
ORDERS	8
ORDINARY	19
ORGANIZATION	13
ORGANIZATIONS	5
ORGANIZE	5
ORGANIZED	5
ORGANIZER	1
ORGANIZES	2
ORGANIZING	3
ORIENTATED	1
ORIGIN	2
ORIGINAL	14
ORIGINALLY	6
ORIGINATED	2
ORTHODOXY	1
ORTHOGRAPHY	1
OSTENSIBLY	1
OSTENTATIOUSLY	1
OTHER	296
OTHERWISE	15
OUGHT	66
OUGHTN'T	2
OUNCE	1
OUNCES	1
OUR	160
OURS	15
OURSELVES	10
OUT	491
OUTBACK	4
OUTBREAK	1
OUTCOME	1
OUTDOOR	1
OUTFIT	1
OUTLET	2
OUTLETS	1
OUTLINE	4
OUTLOOK	2
OUTPUT	1
OUTRAGED	1
OUTRAGES	1
OUTRIGHT	1
OUTSET	1
OUTSIDE	25
OUTSIDES	1
OUTSKIRTS	1
OUTSTANDING	1
OUZO	1
OVER	172
OVERALL	1
OVERBOARD	1
OVERDO	1
OVERDUE	1
OVERGROWN	3
OVERHEARD	2
OVERLOOK	1
OVERLOOKING	1
OVERNIGHT	3
OVERSEAS	11
OVERTONES	1
OVERTOOK	1
OVERWEIGHT	1
OVERWHELMED	1
OVERWHELMING	1
OVERWORK	1
OVERWORKED	1
OWE	4
OWN	118
OWNED	5
OWNS	4
P	15
PA	2
PACE	6
PACES	1
PACK	2
PACKAGING	1
PACKED	4
PACKET	3
PACKETS	1
PACKING	1
PAGAN	1
PAGE	20
PAGES	2
PAID	27
PAILS	1
PAIN	2
PAINFUL	2
PAINFULLY	1
PAINS	2
PAINT	22
PAINTED	9
PAINTERS	1
PAINTING	9
PAINTINGS	2
PAIR	7
PAIRS	1
PALACE	2
PALAEOGRAPHY	1
PALAVER	2
PALIMPSESTS	3
PALS	1
PAN	1
PANIC	1
PANS	1
PAPA	2
PAPER	50
PAPERBACK	4
PAPERBACKS	1
PAPERING	1
PAPERS	30
PARADOX	1
PARAGRAPH	5
PARAGRAPHING	1
PARALLEL	1
PARALYSED	2
PARAMETERS	1
PARAPHRASE	2
PARAPLEGIC	1
PARASITES	1
PARCELS	1
PARDON	11
PARDONER	5
PARENT	2
PARENTHESIS	1
PARENTS	12
PARISH	1
PARK	2
PARKING	1
PAROCHIAL	2
PARODIED	1
PART	84
PARTIALLY	2
PARTICIPLE	1
PARTICULAR	49
PARTICULARLY	50
PARTIES	1
PARTITION	3
PARTITIONS	1
PARTLY	4
PARTS	15
PARTY	13
PASS	13
PASSAGE	7
PASSAGES	6
PASSED	11
PASSING	6
PASSIONATELY	1
PAST	39
PASTE	1
PATCH	2
PATCHES	1
PATCHY	1
PATE	1
PATHETIC	5
PATHETICALLY	1
PATHOLOGICAL	2
PATHS	1
PATIENT	21
PATIENTLY	1
PATIENTS	3
PATS	1
PATTERN	8
PATTERNS	1
PAULA	1
PAUSE	1
PAVEMENT	1
PAY	34
PAYING	10
PAYMENTS	1
PAYS	4
PEACE	7
PEAK	8
PEANUT	1
PEAR	1
PEARS	2
PECULIAR	10
PECULIARITIES	1
PEDAGOGY	1
PEDANTIC	1
PEDESTRIAN	2
PEDIGREE	1
PEER	1
PEN	2
PENCE	5
PENCIL	1
PENETRATED	1
PENETRATION	1
PENGUINS	1
PENINSULA	2
PENNIES	1
PENNILESS	2
PENNY	5
PENTHOUSE	1
PEOPLE	533
PER	26
PERCEIVE	1
PERCENTAGE	2
PERCEPTION	1
PEREMPTORY	1
PERFECT	4
PERFECTION	1
PERFECTLY	30
PERFORMANCE	4
PERFORMANCES	2
PERFORMED	1
PERHAPS	122
PERILOUS	2
PERIOD	31
PERIODICALS	1
PERIODICITY	1
PERIODS	2
PERIPATETIC	1
PERIPHERAL	1
PERISHING	1
PERMANENCY	1
PERMANENT	11
PERMANENTLY	4
PERMISSION	4
PERMIT	5
PERMITTED	1
PERMITTING	1
PERPETRATED	1
PERPETRATING	1
PERPETUATES	1
PERSON	64
PERSONAL	14
PERSONALLY	17
PERSONNEL	1
PERSONS	3
PERSPECTIVE	5
PERSUADE	4
PERSUADED	4
PERSUADING	1
PERSUASIVE	2
PERTINENT	1
PET	1
PETERS	1
PETRIFY	1
PETRIFYING	1
PETROL	3
PHALLIC	1
PHASE	3
PHATIC	1
PHENOMENA	1
PHENOMENAL	2
PHENOMENON	1
PHEW	2
PHILISTINE	3
PHILOLOGIST	2
PHILOLOGY	5
PHILOSOPHER	1
PHILOSOPHICAL	2
PHILOSOPHY	4
PHONE	21
PHONED	5
PHONEME	1
PHONEMES	1
PHONEMIC	2
PHONETIC	3
PHONETICIANS	1
PHONETICS	1
PHONEY	1
PHONIC	1
PHONING	1
PHONOLOGY	1
PHONY	1
PHOTOCOPYING	2
PHOTOGRAPH	3
PHOTOGRAPHIC	2
PHOTOGRAPHS	2
PHOTOGRAPHY	1
PHRASAL	1
PHRASE	4
PHRASEOLOGY	1
PHRASES	2
PHYSICAL	3
PHYSICIAN	4
PHYSICIST	1
PHYSICS	2
PHYSIOLOGICAL	3
PHYSIOLOGY	1
PICK	18
PICKED	8
PICKERS	1
PICKING	5
PICKLED	2
PICNICS	1
PICTURE	24
PICTURES	15
PICTURESQUE	1
PIDDLING	1
PIECE	12
PIECES	5
PIG	1
PIGEONHOLE	2
PIGSTY	3
PILE	1
PILED	2
PILES	1
PILING	1
PILLAR	1
PILLOW	1
PILOT	1
PIN	1
PINCH	1
PINCHED	1
PINK	3
PINNACLES	1
PINNED	1
PINNING	1
PINT	3
PINTS	2
PIONEER	1
PIP	21
PIPE	5
PIPELINE	2
PIPES	1
PIPS	1
PIT	2
PITCHING	1
PITS	1
PITTANCE	1
PITY	14
PLACE	123
PLACED	1
PLACES	28
PLAIN	4
PLAN	5
PLANE	4
PLANNED	2
PLANNER	1
PLANNING	7
PLANS	4
PLANT	1
PLANTED	1
PLASTERING	1
PLASTIC	7
PLASTICS	4
PLATE	2
PLATES	3
PLATFORM	3
PLATOON	1
PLAUSIBLE	1
PLAY	64
PLAYED	6
PLAYER	1
PLAYERS	1
PLAYING	10
PLEAD	1
PLEADED	1
PLEASANT	11
PLEASE	25
PLEASED	5
PLEASES	1
PLEASURABLE	1
PLEASURE	11
PLENTY	13
PLIERS	1
PLODDERS	1
PLONKED	1
PLOT	1
PLOUGH	1
PLUG	2
PLUGGED	1
PLUGGING	1
PLUM	1
PLUNDERED	1
PLUNGE	1
PLUNGED	1
PLUNGING	1
PLURAL	3
PLUS	14
PM	1
PNEUMONIA	1
POCKET	2
POCKETS	1
POEM	7
POEMS	3
POET	2
POETIC	2
POETRY	36
POETS	6
POINT	141
POINTED	5
POINTING	1
POINTLESS	3
POINTS	12
POISON	1
POISONOUS	3
POKES	1
POKING	3
POLICE	9
POLICY	18
POLISH	2
POLITE	9
POLITICAL	11
POLITICALLY	2
POLITICIAN	1
POLITICS	7
POLYMATH	1
POLYTECHNIC	3
POOL	2
POOR	19
POORLY	1
POP	8
POPE	5
POPERY	2
POPPET	3
POPPING	1
POPULACE	2
POPULAR	9
POPULATED	1
POPULATION	3
PORN	1
PORRIDGE	1
PORT	9
PORTER	4
PORTERS	2
PORTFOLIO	1
PORTRAIT	7
PORTRAITS	13
POSH	6
POSHER	1
POSITION	25
POSITIVE	3
POSSIBILITIES	2
POSSIBILITY	14
POSSIBLE	38
POSSIBLY	28
POST	21
POSTCARD	2
POSTED	2
POSTERITY	2
POSTGRADUATE	10
POSTGRADUATES	4
POSTING	2
POSTPONE	1
POSTS	5
POSTULATE	1
POT	1
POTENTIAL	3
POTS	2
POTTERIES	1
POTTERY	3
POTTY	1
POUND	8
POUNDS	59
POUR	2
POURED	4
POURING	3
POWDER	1
POWER	6
POWERED	1
POWERFUL	3
POWERS	1
PRACTICAL	10
PRACTICALLY	16
PRACTICE	7
PRACTISE	2
PRACTISED	1
PRACTITIONER	2
PRAISE	2
PRAISED	1
PRAISES	2
PRAISEWORTHY	1
PRAM	1
PRAYER	1
PRAYERS	1
PREACH	1
PREACHING	1
PRECEDED	1
PRECEDENCE	1
PRECEDENT	1
PRECEDENTS	2
PRECIOUS	1
PRECIS	2
PRECISE	4
PRECISELY	7
PREDICAMENT	1
PREDICT	1
PREDICTED	3
PREDICTING	2
PREDICTION	1
PREDICTIONS	1
PREDOMINATES	1
PREFACE	1
PREFACED	1
PREFER	9
PREFERABLE	1
PREFERENCE	2
PREFERRED	1
PREGNANCY	1
PREGNANT	2
PREHISTORIC	2
PREJUDICE	1
PREJUDICED	2
PRELIMINARY	1
PREMISES	5
PREPARATION	2
PREPARE	4
PREPARED	22
PREPAREDNESS	1
PREPARING	11
PREPOSITIONAL	2
PREPOSITIONS	2
PREPOSTEROUS	1
PREREQUISITE	2
PRESBYTERIAN	1
PRESCRIBE	2
PRESCRIPTION	1
PRESCRIPTIVE	1
PRESENCE	2
PRESENT	34
PRESENTABLE	1
PRESENTATION	3
PRESENTATIONS	1
PRESENTED	2
PRESENTING	2
PRESENTS	5
PRESERVING	1
PRESIDENT	17
PRESS	26
PRESSES	3
PRESSING	2
PRESSURE	9
PRESSURIZED	1
PRESTIGE	1
PRESUMABLY	29
PRESUME	4
PRESUMED	1
PRESUMING	1
PRETEND	5
PRETENDING	4
PRETTY	71
PREVENT	2
PREVIOUS	7
PREVIOUSLY	2
PRICE	19
PRICED	3
PRICES	7
PRICK	1
PRICKING	1
PRIDE	2
PRIEST	2
PRIESTS	1
PRIMARILY	6
PRIMARY	3
PRIME	3
PRIMITIVE	2
PRINCESS	2
PRINCIPAL	6
PRINCIPALLY	3
PRINCIPLE	5
PRINCIPLES	1
PRINT	16
PRINTED	10
PRINTER	2
PRINTERY	1
PRINTING	5
PRIORITY	7
PRISON	3
PRISONERS	1
PRIVACY	3
PRIVATE	33
PRIVATELY	1
PRIVILEGED	1
PRIVY	1
PRIZES	1
PRO	5
PROBABLY	170
PROBATE	1
PROBATION	4
PROBLEM	42
PROBLEMATICAL	1
PROBLEMS	19
PROCEDURAL	1
PROCEDURE	3
PROCEEDED	2
PROCEEDINGS	2
PROCEEDS	5
PROCESS	9
PROCESSES	2
PROCESSION	1
PROCRASTINATION	1
PRODUCE	18
PRODUCED	13
PRODUCING	6
PRODUCT	4
PRODUCTION	6
PRODUCTS	2
PROFESSION	7
PROFESSIONAL	5
PROFESSOR	44
PROFESSORS	5
PROFESSORSHIP	1
PROFILE	1
PROFIT	1
PROFITABLE	2
PROFITS	1
PROFOUND	1
PROFOUNDLY	1
PROFUNDITY	1
PROGRAMME	19
PROGRAMMER	1
PROGRAMMES	8
PROGRAMMING	1
PROGRESS	1
PROGRESSION	1
PROGRESSIVE	3
PROJECT	16
PROJECTED	1
PROJECTOR	3
PROJECTORS	4
PROJECTS	3
PROLOGUE	8
PROLONGED	1
PROM	2
PROMINENTLY	1
PROMISE	1
PROMISED	3
PROMISES	2
PROMOTED	1
PROMOTING	1
PROMOTION	3
PROMPT	5
PROMPTS	2
PROMULGATED	1
PRONOUNCE	1
PRONUNCIATION	3
PROOF	1
PROPAGANDA	2
PROPER	9
PROPERLY	5
PROPERTY	1
PROPHECY	2
PROPORTION	2
PROPORTIONS	3
PROPOSAL	5
PROPOSALS	2
PROPOSE	7
PROPOSED	2
PROPOSING	1
PROPOSITION	1
PROPRIETARY	1
PROSE	3
PROSECUTED	1
PROSPECT	1
PROSPEROUS	3
PROSTITUTES	1
PROTECT	4
PROTECTED	1
PROTESTANT	7
PROTESTANTS	5
PROTESTS	1
PROUD	3
PROVE	7
PROVED	1
PROVES	1
PROVIDE	15
PROVIDED	6
PROVIDENCE	2
PROVIDES	1
PROVIDING	2
PROVINCIAL	1
PROVISION	4
PROVOST	2
PS	2
PSALTER	3
PSYCHIATRY	1
PSYCHOLOGIST	1
PSYCHOLOGISTS	3
PSYCHOLOGY	2
PUB	9
PUBLIC	22
PUBLICATION	1
PUBLICATIONS	5
PUBLICITY	4
PUBLICLY	1
PUBLISH	3
PUBLISHED	5
PUBLISHER	5
PUBLISHERS	2
PUBLISHING	5
PUBS	5
PUCE	1
PULL	18
PULLED	7
PULLING	3
PULLOVERS	1
PULLS	2
PULSE	1
PUMP	1
PUMPED	2
PUNCTUATE	1
PUNCTUATION	7
PUPILS	1
PURCHASE	3
PURCHASING	2
PURE	1
PURELY	9
PURPORT	2
PURPOSE	7
PURPOSEFULLY	1
PURPOSES	3
PURSE	3
PURSES	1
PURSUE	1
PURSUED	1
PURSUING	1
PURSUIT	1
PURVIEW	1
PUSH	3
PUSHED	3
PUSHING	2
PUT	158
PUTS	8
PUTTING	31
PUZZLED	2
PYRAMID	1
QUADRILLE	1
QUAINTLY	1
QUALIFICATIONS	1
QUALIFIED	9
QUALIFY	2
QUALITIES	2
QUALITY	10
QUANTITIES	1
QUANTITY	1
QUARRELLING	1
QUARRIED	1
QUARRIES	1
QUARRY	2
QUART	2
QUARTER	14
QUARTERS	1
QUARTET	1
QUARTETS	4
QUAY	1
QUEEN	2
QUERIES	1
QUERY	2
QUESTION	71
QUESTIONING	1
QUESTIONS	37
QUEUE	6
QUEUES	1
QUICK	8
QUICKER	3
QUICKEST	1
QUICKLY	12
QUID	13
QUIET	18
QUIETER	1
QUIETLY	6
QUIRKS	4
QUIRKY	2
QUITE	464
QUITTING	1
QUIVERING	1
QUIZ	1
QUOTED	1
QUOTING	1
R	2
RACE	5
RACIAL	1
RACKET	1
RADIATE	1
RADIATING	1
RADIATION	1
RADIATOR	1
RADICAL	1
RADICALLY	2
RADIO	15
RADIOS	1
RAID	1
RAILINGS	1
RAILWAY	13
RAILWAYS	4
RAIN	5
RAINBOW	7
RAINED	1
RAINFALL	6
RAINING	4
RAISE	5
RAISED	8
RAISES	1
RAISING	1
RAMP	1
RAMPS	2
RAMSHACKLE	1
RAN	6
RANG	26
RANGE	13
RANKS	4
RAPE	1
RAPID	1
RAPIDLY	3
RAPTURES	1
RARE	9
RAT	2
RATA	3
RATE	17
RATES	1
RATHER	219
RATIO	2
RATIONALIZATION	1
RAVE	1
RAVING	1
RAW	1
RAYON	4
REACH	6
REACHED	4
REACHES	1
REACT	1
REACTION	7
REACTIONS	1
REACTS	1
READ	238
READABLE	1
READER	8
READERSHIP	2
READILY	1
READING	71
READS	1
READY	16
REAL	27
REALIST	2
REALISTIC	4
REALISTICALLY	2
REALITY	6
REALIZATION	1
REALIZE	29
REALIZED	18
REALIZING	3
REALLY	633
REAMS	2
REAPPEARED	1
REAPPEARS	1
REAPPLY	1
REARRANGE	1
REASON	35
REASONABLE	11
REASONABLY	8
REASONS	10
REASSURANCE	1
REBELLION	1
REBUILT	2
RECALL	2
RECALLED	1
RECAPITULATION	1
RECEDE	1
RECEIVE	1
RECEIVED	2
RECEIVING	1
RECENT	15
RECENTLY	26
RECEPTION	1
RECESS	2
RECKON	9
RECKONED	3
RECKONS	2
RECLINE	1
RECOGNITION	6
RECOGNIZE	11
RECOGNIZED	6
RECOGNIZES	1
RECOIL	1
RECOILED	1
RECOLLECT	1
RECOMMEND	2
RECOMMENDATION	4
RECOMMENDED	4
RECONCILED	2
RECONNOITRE	1
RECORD	15
RECORDED	10
RECORDER	5
RECORDERS	1
RECORDING	3
RECORDINGS	1
RECORDS	4
RECOVER	4
RECOVERED	1
RECOVERING	1
RECRUITING	1
RED	9
REDISTRIBUTE	2
REDUCED	1
REDUCIBLE	1
REDUNDANT	1
REEL	2
REELS	3
REFECTORY	3
REFER	3
REFEREE	2
REFEREES	2
REFERENCE	4
REFERENCES	6
REFERENDUM	3
REFERRED	3
REFERRING	3
REFLECT	1
REFLECTED	1
REFLECTION	4
REFLECTS	2
REFLEX	1
REFORMED	2
REFORMS	2
REFURBISH	1
REFUSE	1
REFUSED	7
REGARD	7
REGARDING	1
REGARDLESS	1
REGARDS	3
REGIME	3
REGIMENT	2
REGIMENTS	1
REGION	1
REGIONAL	1
REGISTER	1
REGISTERED	1
REGISTRAR	3
REGRET	1
REGRETTED	1
REGULAR	2
REGULARITY	1
REGULARLY	7
REGULATE	1
REGULATION	3
REGULATIONS	5
REHABILITATION	1
REHOUSE	1
REHOUSING	1
REICH	1
REIGN	2
REIN	1
REINFORCE	1
REINFORCEMENTS	2
REINS	1
REINTRODUCE	1
REISSUED	1
REITERATED	1
REJECT	1
REJECTED	1
REJECTION	1
RELATE	2
RELATED	8
RELATING	2
RELATION	7
RELATIONS	8
RELATIONSHIP	8
RELATIONSHIPS	1
RELATIVE	2
RELATIVELY	5
RELATIVES	1
RELAX	3
RELAXATION	1
RELAXED	10
RELEASE	2
RELEVANT	2
RELICS	1
RELIED	1
RELIEVED	1
RELIGION	2
RELIGIONS	2
RELIGIOUS	1
RELISH	1
RELUCTANCE	1
RELUCTANT	3
RELY	5
RELYING	1
REMAIN	2
REMAINDER	2
REMAINED	4
REMAINING	2
REMAINS	1
REMAKING	1
REMARK	5
REMARKABLE	2
REMARKABLY	1
REMARKS	6
REMARRIED	1
REMEDY	1
REMEMBER	139
REMEMBERED	7
REMEMBERING	3
REMIND	3
REMINDED	2
REMINDER	1
REMINDS	4
REMINISCING	2
REMNANTS	1
REMOTE	2
REMOTELY	1
REMOVE	6
REMOVED	6
REMUNERATIVE	1
RENAISSANCE	15
RENAL	6
RENDERING	1
RENEWAL	2
RENOUNCED	1
RENT	4
RENTED	1
REORGANIZATION	1
REP	1
REPEAT	1
REPEATING	1
REPERCUSSIONS	3
REPLACE	2
REPLACED	1
REPLACEMENT	2
REPLACEMENTS	1
REPLIED	4
REPLY	2
REPORT	12
REPORTED	2
REPORTS	2
REPRESENT	2
REPRESENTATION	1
REPRESENTATIVE	3
REPRESENTATIVES	2
REPRESENTED	2
REPRESSED	1
REPRINT	4
REPRINTS	3
REPRODUCE	3
REPRODUCED	1
REPRODUCTIONS	1
REPROOF	1
REPUBLIC	2
REPUBLICAN	1
REPULSIVE	1
REPUTATION	5
REQUIRE	3
REQUIRED	7
REQUIRES	3
REQUIRING	2
REQUISITE	1
RESCUE	1
RESEARCH	70
RESEARCHING	1
RESENTED	1
RESENTFUL	1
RESERVATIONS	3
RESERVE	2
RESERVED	4
RESHAPE	1
RESHUFFLE	1
RESIDENCE	2
RESIDENT	1
RESIDENTIAL	2
RESIDENTIARY	1
RESIGN	3
RESIGNATIONS	1
RESIGNED	1
RESIST	1
RESISTANCE	2
RESISTED	2
RESOURCES	6
RESPECT	9
RESPECTABLE	4
RESPECTED	1
RESPECTIVE	1
RESPECTS	5
RESPOND	4
RESPONSE	3
RESPONSIBILITY	10
RESPONSIBLE	7
REST	42
RESTAURANT	1
RESTAURANTS	3
RESTFUL	1
RESTORATION	4
RESTRICT	1
RESTRICTED	3
RESTRICTIONS	1
RESULT	11
RESULTS	6
RESURGENCE	1
RETAINED	1
RETIRE	4
RETIRED	4
RETIREMENT	1
RETIREMENTS	1
RETIRES	2
RETIRING	1
RETORT	1
RETROSPECTIVE	1
RETURN	5
REVEALING	2
REVELATION	2
REVELATIONS	1
REVELLED	1
REVENGING	1
REVEREND	2
REVERENDS	1
REVERIES	1
REVERSE	2
REVERSED	1
REVERT	2
REVIEW	3
REVIEWS	4
REVISE	1
REVISED	5
REVISING	3
REVISION	2
REVOLTING	1
REVOLUTION	2
REVOLVER	1
RHYMING	2
RHYTHM	2
RIBAND	1
RICE	1
RICH	7
RICHER	1
RICKETS	17
RID	11
RIDES	1
RIDICULOUS	7
RIDICULOUSLY	1
RIDING	2
RIFLE	1
RIGHT	372
RIGHTLY	3
RIGID	3
RIND	1
RING	21
RINGED	2
RINGING	2
RINGS	8
RIOT	1
RIP	3
RIPE	2
RISE	11
RISEN	1
RISES	6
RISING	1
RISK	14
RISKED	1
RISKS	3
RITUAL	1
RITUALISTIC	1
RIVEN	1
RIVER	4
RIVERS	3
RIVETED	1
ROAD	34
ROADS	5
ROBOT	1
ROCK	2
ROCKETING	1
ROCKS	2
ROCKY	1
RODEOS	2
ROLE	1
ROLLED	1
ROLLING	3
ROMAN	11
ROMANCE	2
ROMANCES	4
ROMANTIC	4
ROMANTICS	2
ROOF	1
ROOM	89
ROOMS	19
ROOT	1
ROOTS	3
ROSARY	1
ROSE	2
ROSES	1
ROSTER	1
ROT	1
ROTATION	1
ROTE	1
ROTTEN	3
ROUBLE	4
ROUBLES	2
ROUGH	2
ROUGHLY	6
ROUND	139
ROUNDABOUT	2
ROUNDED	1
ROUSE	1
ROUTE	2
ROUTES	1
ROUTINE	5
ROW	7
ROYAL	8
ROYALTY	1
RUB	2
RUBBED	1
RUBBER	1
RUBBING	2
RUBBISH	10
RUDDY	1
RUDE	4
RUDELY	1
RUDENESS	1
RUIN	1
RUINS	1
RULE	8
RULES	8
RULING	1
RUMBLED	1
RUMBLING	1
RUMOURS	1
RUN	22
RUNG	5
RUNNER	1
RUNNING	19
RUNS	2
RUSH	6
RUSHED	1
RUSHES	1
RUSHING	2
RUSTIC	1
RUSTICS	4
RUSTY	1
S	17
SABBATICAL	6
SACK	5
SACKED	1
SACKING	3
SACKS	1
SACRIFICE	1
SAD	7
SADDENED	1
SADLY	1
SAFARI	2
SAFE	2
SAFEGUARDING	1
SAFER	4
SAFEST	1
SAID	568
SAILED	2
SAILING	1
SAILORS	2
SAILS	1
SAKE	4
SAKES	1
SAL	1
SALAD	1
SALARIES	1
SALARY	6
SALEABLE	1
SALES	2
SALESMAN	1
SALT	1
SALUTES	1
SAME	136
SAMPLING	1
SAND	2
SANDWICH	1
SANG	1
SANK	1
SARCASM	2
SARDINES	1
SAT	15
SATELLITE	1
SATIRE	5
SATIRES	1
SATIRICAL	2
SATIRIST	1
SATISFACTORILY	1
SATISFACTORY	8
SATISFIED	2
SATURDAY	11
SATURDAYS	5
SAUCEPANS	3
SAUCERS	3
SAUSAGE	1
SAVAGE	1
SAVE	9
SAVED	2
SAVES	2
SAVING	1
SAW	41
SAWS	1
SAY	432
SAYING	112
SAYS	112
SCALE	10
SCALED	1
SCALING	1
SCANDALIZED	1
SCANDALOUS	1
SCARCELY	2
SCARE	1
SCARED	2
SCARS	1
SCATTERED	2
SCENE	21
SCENES	2
SCENIC	1
SCENTED	1
SCEPTICAL	2
SCEPTICISM	1
SCHEDULED	1
SCHEDULES	1
SCHEME	10
SCHEMES	2
SCHIZOPHRENIA	1
SCHIZOPHRENIC	1
SCHIZOPHRENICS	1
SCHOLAR	2
SCHOLARLY	5
SCHOLARS	1
SCHOLARSHIP	6
SCHOOL	87
SCHOOLBOY	1
SCHOOLGIRLS	1
SCHOOLS	10
SCIENCE	15
SCIENCES	1
SCIENTIFIC	4
SCIENTIST	3
SCIENTISTS	2
SCINTILLATING	1
SCISSORS	1
SCOOP	1
SCOPE	2
SCORE	1
SCORED	1
SCOTCH	3
SCOTCHED	1
SCOTCHES	1
SCRAMBLE	1
SCRAPED	1
SCRAPING	1
SCRATCH	4
SCRATCHED	3
SCRATCHES	1
SCREAM	1
SCREEN	4
SCREENS	3
SCREW	1
SCREWS	1
SCRIPT	4
SCRIPTS	7
SCROUNGE	1
SCULPTURE	4
SCUM	1
SCURVY	3
SEA	13
SEARCH	1
SEASON	3
SEAT	3
SEATING	1
SEATS	10
SEBACEOUS	5
SEBUM	1
SECOND	59
SECONDLY	3
SECONDMENT	1
SECONDS	5
SECRET	3
SECRETARIAL	3
SECRETARIES	10
SECRETARY	12
SECRETLY	2
SECTION	18
SECTIONS	2
SECURE	2
SECURITIES	2
SEE	796
SEEDS	3
SEEDY	2
SEEING	22
SEEM	48
SEEMED	28
SEEMS	60
SEEN	73
SEES	6
SEIZE	2
SELECT	2
SELECTED	6
SELECTION	3
SELECTIONS	2
SELECTIVE	2
SELF	3
SELL	18
SELLING	3
SELLS	3
SEMANTIC	1
SEMI	1
SEMINAR	20
SEMINARS	18
SENATE	8
SEND	25
SENDING	8
SENDS	3
SENIOR	11
SENSE	63
SENSIBLE	9
SENSITIVE	2
SENT	20
SENTENCE	12
SENTENCES	4
SENTIMENTAL	1
SEPARATE	15
SEPARATED	2
SEPARATION	1
SEPTEMBER	11
SEQUENCE	2
SERGEANT	2
SERIAL	1
SERIES	21
SERIOUS	17
SERIOUSLY	17
SERMON	1
SERVANT	2
SERVANTS	2
SERVE	2
SERVICE	18
SERVICES	5
SERVING	1
SESAME	1
SESSION	2
SESSIONS	2
SET	77
SETS	7
SETTEE	1
SETTING	10
SETTLE	3
SETTLED	4
SETTLEMENT	1
SETTLING	1
SEVEN	53
SEVENTEEN	9
SEVENTEENTH	4
SEVENTH	3
SEVENTY	7
SEVERAL	22
SEVERE	1
SEW	2
SEWER	1
SEWS	1
SEX	8
SHACKS	1
SHADES	1
SHAH	1
SHAKEN	2
SHAKES	2
SHAKING	2
SHALE	1
SHALL	72
SHAMBLES	1
SHAME	7
SHAMEFACEDLY	1
SHAN'T	4
SHAPE	9
SHAPED	7
SHAPELESS	1
SHARE	18
SHARED	4
SHARES	14
SHARING	1
SHARP	11
SHARPLY	5
SHATTERED	1
SHAWL	1
SHE	486
SHE'D	33
SHE'LL	4
SHE'S	124
SHEATH	1
SHEAVES	1
SHED	3
SHEEN	1
SHEEP	1
SHEEPISHLY	1
SHEER	10
SHEETS	1
SHEIKHS	2
SHELF	5
SHELL	1
SHELTERED	1
SHELVES	2
SHERRIES	1
SHERRY	13
SHIFT	2
SHIFTED	2
SHIFTS	2
SHILLINGS	2
SHINDIG	1
SHINGLES	2
SHINY	1
SHIP	3
SHIPSHAPE	1
SHIRT	5
SHIT	3
SHITS	1
SHOCK	3
SHOCKER	1
SHOES	3
SHOOK	1
SHOOT	5
SHOOTING	1
SHOP	11
SHOPPED	1
SHOPPING	8
SHOPS	4
SHORT	27
SHORTAGE	5
SHORTER	2
SHORTISH	1
SHORTLY	2
SHOT	8
SHOULD	175
SHOULDN'T	31
SHOUTED	1
SHOUTING	2
SHOVE	3
SHOVED	6
SHOW	27
SHOWED	8
SHOWER	1
SHOWING	5
SHOWN	6
SHOWS	6
SHUFFLE	1
SHUT	6
SHY	2
SICK	4
SICKNESS	1
SIDE	68
SIDES	5
SIDEWALK	1
SIDEWAYS	4
SIDING	1
SIFTED	1
SIGH	1
SIGHS	1
SIGHT	10
SIGN	26
SIGNAL	3
SIGNALLING	1
SIGNALMAN	2
SIGNATURES	1
SIGNED	5
SIGNIFY	1
SIGNING	1
SIGNS	11
SILENCE	1
SILENCES	1
SILENT	2
SILLY	24
SILO	1
SIMILAR	18
SIMILARITIES	2
SIMILARITY	1
SIMPLE	13
SIMPLER	2
SIMPLEST	2
SIMPLIFY	1
SIMPLY	34
SIMULTANEOUS	1
SIMULTANEOUSLY	2
SIN	3
SINCE	86
SINCERITY	1
SING	2
SINGED	1
SINGING	12
SINGLE	8
SINGULAR	2
SINK	4
SINKER	1
SINUSITIS	1
SIR	37
SISTER	13
SISTERS	1
SIT	39
SITE	8
SITES	4
SITS	5
SITTING	27
SITUATED	2
SITUATION	26
SITUATIONS	6
SIX	71
SIXPENCE	2
SIXPENCES	1
SIXTEEN	20
SIXTEENTH	1
SIXTH	8
SIXTIES	2
SIXTY	17
SIZE	12
SIZZLING	1
SKETCH	2
SKEW	1
SKIING	2
SKILL	3
SKILLS	3
SKIN	3
SKINS	1
SKIRTING	1
SKY	2
SLACK	2
SLAM	1
SLAMMED	1
SLANT	1
SLAP	1
SLAPPING	1
SLEEP	7
SLEEPING	3
SLEEPS	1
SLEEPY	1
SLEEVE	1
SLEIGH	1
SLEPT	1
SLICE	1
SLIDE	2
SLIDES	7
SLIDING	1
SLIGHT	5
SLIGHTEST	7
SLIGHTLY	26
SLIM	2
SLIP	4
SLIPPED	1
SLIPS	3
SLOPPINESS	1
SLOPS	1
SLOT	2
SLOW	4
SLOWER	3
SLOWLY	5
SLUGS	1
SLUMP	1
SLUMS	1
SLUR	1
SMACK	3
SMALL	47
SMALLER	5
SMALLEST	2
SMART	2
SMARTLY	1
SMASHED	4
SMASHING	1
SMATTERING	2
SMELLED	1
SMELT	1
SMILE	4
SMILED	1
SMILING	1
SMOKE	6
SMOKED	1
SMOKES	2
SMOKING	5
SMOOTH	3
SMOOTHLY	1
SMUGGLE	1
SNAG	1
SNAIL	1
SNAPPY	1
SNATCH	1
SNIDE	2
SNIFFY	1
SNIGGER	1
SNOBS	3
SNOOKS	1
SNOTTY	1
SNOW	2
SNUB	1
SNUG	1
SO	1188
SOB	2
SOCIABLE	1
SOCIAL	16
SOCIALISM	1
SOCIETY	10
SOCIOLOGICAL	1
SOCIOLOGIST	1
SOCIOLOGY	2
SOCK	1
SOCKS	3
SOD	2
SODS	1
SOFA	2
SOFT	5
SOFTENING	1
SOGGY	1
SOLD	11
SOLDIER	3
SOLDIERS	4
SOLE	2
SOLELY	3
SOLICITING	1
SOLICITOR	1
SOLICITORS	2
SOLID	9
SOLIDIFIES	1
SOLILOQUY	2
SOLOIST	1
SOLUTION	1
SOLVE	1
SOLVED	1
SOLVING	1
SOME	419
SOMEBODY	87
SOMEHOW	10
SOMEONE	26
SOMETHING	341
SOMETIME	5
SOMETIMES	32
SOMEWHAT	2
SOMEWHERE	36
SON	7
SONG	1
SONGS	3
SONS	9
SOON	20
SOONER	6
SOPHISTICATED	3
SOPHISTICATION	1
SOPHISTS	1
SOPRANO	2
SOPRANOS	2
SORE	2
SORELY	1
SORES	1
SORROW	1
SORRY	97
SORT	663
SORTED	4
SORTING	1
SORTS	28
SOUL	7
SOULS	1
SOUND	16
SOUNDED	10
SOUNDS	34
SOUP	2
SOURCE	4
SOURCES	4
SOUTH	49
SOUTHEAST	2
SOUTHERN	4
SOVIET	1
SOWN	1
SPACE	9
SPACING	1
SPAN	1
SPARE	8
SPARES	1
SPARKLING	1
SPARKS	1
SPASTIC	3
SPASTICS	3
SPEAK	35
SPEAKER	4
SPEAKERS	6
SPEAKING	18
SPEAKS	5
SPECIAL	29
SPECIALIST	6
SPECIALISTS	3
SPECIALITY	2
SPECIALIZATION	1
SPECIALIZED	1
SPECIALLY	2
SPECIFIC	7
SPECIFICALLY	4
SPECIFY	1
SPECKLED	1
SPECTACLES	1
SPECTACULAR	1
SPEECH	14
SPEECHES	2
SPEED	3
SPEEDY	1
SPELL	10
SPELLING	3
SPELT	1
SPEND	27
SPENDING	5
SPENT	27
SPILL	1
SPIN	1
SPINET	1
SPINNING	1
SPIRIT	5
SPIT	2
SPITE	7
SPLASH	1
SPLENDID	8
SPLIT	4
SPLITTING	2
SPOIL	2
SPOILS	1
SPOKE	13
SPOKEN	8
SPOKESWOMAN	1
SPONTANEOUSLY	1
SPOONFUL	1
SPOONS	3
SPOT	11
SPRANG	1
SPREAD	11
SPREADING	2
SPRING	6
SPRINKLE	2
SPRITE	1
SPUR	1
SPY	3
SQUALID	1
SQUARE	7
SQUARER	1
SQUARES	1
SQUASH	1
SQUASHY	1
SQUEAMISH	1
SQUIRE	1
ST	9
STAB	1
STABBED	2
STABILITY	1
STABLE	2
STACKS	3
STAFF	53
STAGE	32
STAGGERED	2
STAGGERING	1
STAGING	3
STAGNANT	1
STAID	2
STAIR	1
STAIRCASES	1
STAIRS	8
STAKE	1
STALK	2
STALKS	1
STAMPED	1
STAMPING	1
STAMPS	1
STAND	29
STANDARD	14
STANDARDIZATION	1
STANDARDS	6
STANDING	7
STANDS	9
STAR	2
STARED	1
STARS	2
START	66
STARTED	65
STARTER	2
STARTERS	1
STARTING	10
STARTS	20
STARVE	1
STATE	11
STATED	1
STATELY	2
STATEMENT	5
STATEMENTS	2
STATESMAN	2
STATIC	2
STATION	6
STATIONER	1
STATIONS	4
STATISTICAL	2
STATISTICS	4
STATUES	2
STATUS	13
STATUTE	1
STAY	38
STAYED	13
STAYING	6
STAYS	3
STEADY	3
STEAK	2
STEAL	2
STEALS	2
STEAM	1
STEAMING	1
STEEPLY	1
STEER	1
STEMS	3
STEP	4
STEPDAUGHTER	1
STEPPED	1
STEPS	4
STEREO	1
STEREOSCOPIC	1
STERNLY	1
STETSON	1
STEWARDS	1
STICK	17
STICKING	6
STIFF	1
STILL	130
STINT	1
STIR	2
STIRRED	1
STIRRING	1
STITCHES	2
STOCK	4
STOCKBROKER	13
STOCKBROKERS	2
STOLE	3
STOLEN	1
STONE	8
STONES	3
STONY	1
STOOD	6
STOOPS	1
STOP	27
STOPPED	7
STOPPING	2
STOPS	3
STORE	2
STORED	1
STORES	1
STORIES	6
STORK	1
STORM	3
STORY	25
STOUT	7
STRAIGHT	31
STRAIGHTFORWARD	3
STRAIN	1
STRANGE	27
STRANGELY	1
STRANGERS	2
STRANGLE	3
STRAW	1
STRAWS	1
STREAM	1
STREET	34
STREETS	2
STRENGTH	6
STRENGTHEN	1
STRENGTHENED	2
STRENGTHENING	1
STRENGTHS	1
STRENUOUS	1
STREPTOCOCCUS	1
STRESSED	1
STRESSING	1
STRETCH	1
STRETCHES	2
STRETCHING	1
STRICTLY	5
STRIDE	1
STRIDENT	1
STRIKE	10
STRIKER	1
STRIKERS	2
STRIKES	7
STRING	3
STRINGS	3
STRIP	1
STRIPPED	2
STRODE	1
STRONG	26
STRONGER	2
STRONGEST	2
STRONGLY	6
STROPPY	1
STRUCK	8
STRUCTURE	8
STRUCTURES	2
STUCK	13
STUDENT	39
STUDENTS	53
STUDIED	7
STUDIES	21
STUDIO	4
STUDIOS	1
STUDY	16
STUDYING	8
STUFF	77
STUFFING	1
STUMP	2
STUNNED	1
STUPID	20
STYLE	12
STYLIZED	1
STYLUS	2
SUBALTERN	1
SUBCOMMITTEE	2
SUBJECT	51
SUBJECTED	1
SUBJECTIVE	1
SUBJECTLESS	1
SUBJECTS	10
SUBMIT	3
SUBMITTED	5
SUBMITTING	1
SUBPOENAS	1
SUBS	1
SUBSEQUENTLY	1
SUBSIDIARY	1
SUBSIDIES	1
SUBSTANTIAL	3
SUBSTATIONS	1
SUBSTITUTE	2
SUBSTITUTES	1
SUBTLE	1
SUBURB	1
SUBURBS	1
SUBVENTION	1
SUCCEEDED	3
SUCCESS	2
SUCCESSES	1
SUCCESSFUL	10
SUCCINCT	2
SUCCUMBED	1
SUCH	72
SUCHLIKE	1
SUCK	3
SUCKING	1
SUDDEN	1
SUDDENLY	28
SUEDE	1
SUFFER	3
SUFFERED	2
SUFFERS	2
SUFFICIENT	3
SUFFICIENTLY	3
SUGAR	6
SUGGEST	9
SUGGESTED	8
SUGGESTING	3
SUGGESTION	9
SUGGESTIONS	1
SUICIDE	1
SUIT	3
SUITABLE	2
SUITCASE	1
SUITED	4
SUITS	4
SULPHURIC	1
SUM	4
SUMMARIES	1
SUMMARY	7
SUMMER	46
SUMMERS	1
SUMMONS	1
SUMS	3
SUN	13
SUNDAY	20
SUNDAYS	2
SUNG	1
SUNNY	4
SUPER	13
SUPERB	6
SUPERFICIAL	2
SUPERIMPOSED	1
SUPERIOR	1
SUPERMARKETS	1
SUPERSEDE	1
SUPERSTITIONS	1
SUPERVISE	2
SUPERVISION	2
SUPERVISIONS	1
SUPERVISOR	3
SUPPER	7
SUPPLEMENTARY	1
SUPPLIED	2
SUPPLY	9
SUPPORT	13
SUPPORTED	9
SUPPORTERS	2
SUPPORTING	6
SUPPOSE	150
SUPPOSED	35
SUPPOSING	3
SUPPRESSION	1
SUPREME	1
SURE	164
SURELY	33
SURFACE	3
SURGEON	10
SURGERY	18
SURGICAL	1
SURPASS	1
SURPRISE	2
SURPRISED	22
SURPRISES	2
SURPRISING	3
SURPRISINGLY	2
SURREPTITIOUS	3
SURREPTITIOUSLY	4
SURROUNDED	4
SURVEY	18
SURVEYED	1
SURVIVAL	1
SURVIVE	1
SUSPECT	7
SUSPECTED	3
SUSPEND	1
SUSPENDED	1
SUSPICIOUS	6
SWALLOW	1
SWALLOWING	1
SWANNERY	1
SWAPPING	2
SWATHE	1
SWEAR	1
SWEAT	4
SWEET	7
SWEETER	1
SWEETNESS	1
SWIFT	1
SWIM	1
SWINE	1
SWING	1
SWITCH	6
SWITCHED	1
SWITCHING	1
SWIZZLE	1
SYCE	1
SYLLABUS	30
SYLLABUSES	1
SYMBOL	4
SYMBOLIC	1
SYMBOLICAL	2
SYMBOLISM	2
SYMBOLS	1
SYMPATHIZE	1
SYMPATHY	3
SYMPHONY	4
SYMPTOM	30
SYMPTOMS	8
SYNDICS	1
SYNTAX	1
SYNTHESIS	2
SYNTHESIZE	1
SYPHILITIC	1
SYSTEM	29
SYSTEMATIC	2
SYSTEMATIZE	1
SYSTEMS	4
T	8
TABLE	19
TABLES	6
TABLET	1
TABLETS	3
TABOO	3
TABOOS	1
TABULA	1
TACK	2
TACKED	2
TACKLE	4
TACKLED	1
TACTFUL	2
TACTICS	1
TAGS	2
TAIL	3
TAILING	2
TAILS	1
TAINT	1
TAKE	152
TAKEN	37
TAKEOVER	1
TAKES	23
TAKING	41
TALE	1
TALENT	3
TALENTED	1
TALENTS	5
TALK	73
TALKED	20
TALKING	76
TALKS	8
TALL	3
TALLER	1
TAN	1
TANGLED	1
TANNOY	1
TAP	2
TAPE	11
TAPED	1
TAPES	3
TAPPING	1
TAPS	1
TARRED	1
TASK	3
TASTE	10
TASTED	3
TASTES	4
TATTY	2
TAUGHT	9
TAX	23
TAXI	1
TAXIS	1
TB	1
TEA	26
TEACH	35
TEACHER	20
TEACHERS	17
TEACHES	6
TEACHING	82
TEAM	3
TEAR	1
TEARING	1
TEARS	3
TEASING	1
TECHNICAL	7
TECHNIQUE	2
TECHNIQUES	3
TECHNOLOGICAL	2
TECHNOLOGY	1
TEDIOUS	2
TEEN	1
TEENAGE	2
TEENAGERS	1
TEETH	1
TELEGRAPH	1
TELEGRAPHS	1
TELEPHONE	11
TELEPHONED	1
TELEPHONING	1
TELESCOPE	1
TELESCOPING	1
TELEVISION	19
TELL	119
TELLING	21
TELLS	12
TELLY	6
TEMPER	1
TEMPERAMENT	1
TEMPERAMENTAL	1
TEMPERAMENTALLY	1
TEMPERATURE	3
TEMPERED	1
TEMPORARILY	3
TEMPORARY	9
TEMPTATION	2
TEMPTED	1
TEMPTING	1
TEN	71
TEND	26
TENDED	2
TENDENCY	1
TENDER	1
TENDING	2
TENDS	5
TENNIS	5
TENS	1
TENSE	2
TENSES	1
TENSION	3
TENT	3
TENTATIVE	1
TENTATIVELY	2
TENTH	3
TERM	39
TERMED	1
TERMINAL	2
TERMINATES	1
TERMINOLOGY	2
TERMS	42
TERRIBLE	34
TERRIBLY	66
TERRIFIC	3
TERRIFICALLY	1
TERRIFIED	1
TERRIFYING	7
TERRITORIALS	1
TERRITORY	1
TEST	6
TESTED	1
TESTIMONIAL	1
TESTING	2
TESTS	3
TEXT	9
TEXTBOOK	4
TEXTBOOKS	2
TEXTS	24
TEXTUAL	1
TH	1
THAN	233
THANE	1
THANK	76
THANKED	2
THANKS	23
THAT	3169
THAT'D	7
THAT'LL	10
THAT'S	757
THE	6833
THEATRE	17
THEATRICAL	3
THEIR	203
THEIRS	4
THEM	493
THEME	11
THEMES	2
THEMSELVES	34
THEN	594
THEORIES	5
THEORY	11
THERAPEUTICS	3
THERE	875
THERE'S	280
THEREABOUTS	1
THEREAFTER	2
THEREFORE	24
THEREOF	3
THEREUPON	1
THESE	268
THESIS	17
THEY	1365
THEY'D	49
THEY'LL	19
THEY'RE	266
THEY'VE	120
THICK	2
THIN	7
THING	470
THINGS	322
THINGUMMY	2
THINK	1190
THINKING	64
THINKS	23
THIRD	27
THIRDLY	2
THIRDS	1
THIRSTY	1
THIRTEEN	10
THIRTEENTH	3
THIRTIES	4
THIRTY	32
THIS	1582
THOROUGHBRED	1
THOROUGHFARE	1
THOROUGHLY	3
THOSE	153
THOUGH	110
THOUGHT	320
THOUGHTFUL	1
THOUGHTS	1
THOUSAND	58
THOUSANDS	2
THRASHED	2
THREADS	1
THREAT	1
THREATENED	1
THREATENING	1
THREE	252
THRESHOLD	4
THRESHOLDS	1
THREW	4
THRILLED	1
THRIVES	1
THROAT	2
THRONE	1
THROUGH	136
THROUGHOUT	6
THROW	5
THROWAWAY	2
THROWAWAYS	1
THROWN	10
THROWS	3
THUGS	1
THUMB	6
THUNDEROUS	1
THURSDAY	11
THURSDAYS	1
THY	1
THYME	1
TIARA	1
TICK	6
TICKED	1
TICKET	6
TICKETS	6
TICKLE	1
TICKS	2
TIDY	7
TIE	4
TIED	6
TIES	1
TIGHT	5
TILE	1
TILES	5
TILL	40
TILT	1
TILTED	1
TIME	415
TIMES	48
TIMETABLE	14
TIMETABLES	8
TIMING	2
TIN	9
TINNED	3
TINS	2
TINY	8
TIP	1
TIPS	1
TIPTOE	2
TIRADE	1
TIRED	7
TIREDNESS	1
TIRESOME	1
TIRING	2
TITLE	6
TITLES	1
TO	4434
TOAD	1
TOAST	2
TODAY	31
TODDLED	2
TOE	1
TOES	1
TOGETHER	30
TOIL	1
TOKEN	1
TOLD	101
TOLERANT	1
TOLLS	2
TOMATOES	1
TOMORROW	25
TON	3
TONE	6
TONES	1
TONG	1
TONGUE	4
TONIGHT	9
TOO	197
TOOK	49
TOOL	2
TOOTH	2
TOOTHLESS	1
TOP	27
TOPIC	3
TOPICS	2
TOPMOST	1
TOPPING	1
TORN	3
TOSS	1
TOSSED	1
TOTAL	8
TOTALITARIAN	2
TOTALLY	20
TOTO	1
TOTTERING	1
TOUCH	17
TOUCHED	2
TOUCHING	2
TOUCHSTONE	1
TOUGH	8
TOUGHEN	1
TOUGHER	5
TOUR	5
TOURIST	1
TOWARDS	18
TOWER	1
TOWN	14
TOWNS	3
TOYED	1
TRACE	1
TRACED	1
TRACER	1
TRACK	5
TRACKS	3
TRADE	6
TRADITION	7
TRADITIONS	2
TRAFFIC	1
TRAGEDIES	10
TRAGEDY	27
TRAGIC	3
TRAILING	1
TRAIN	15
TRAINED	4
TRAINING	12
TRAINS	7
TRAITS	1
TRAMLINES	1
TRANSCRIPTION	3
TRANSCRIPTIONS	2
TRANSCRIPTS	3
TRANSFER	1
TRANSFERRING	1
TRANSFORM	1
TRANSFORMATION	2
TRANSLATE	3
TRANSLATED	1
TRANSLATING	1
TRANSLATION	3
TRANSLATIONS	3
TRANSMITS	1
TRANSMITTED	1
TRANSMITTING	1
TRANSMOGRIFICATIONS	1
TRANSPARENT	1
TRANSPIRED	4
TRANSPORT	2
TRANSPOSING	1
TRASH	4
TRAUMAS	2
TRAVEL	10
TRAVELLED	2
TRAVELLING	5
TRAVELS	1
TREAD	1
TREADING	1
TREASURER	1
TREASURY	1
TREAT	8
TREATED	3
TREATING	3
TREATMENT	3
TREBLE	1
TREBLED	1
TREE	5
TREES	5
TREMENDOUS	6
TREMENDOUSLY	1
TRENCHES	4
TREND	3
TRIAL	4
TRIANGLE	1
TRIBAL	1
TRIBES	3
TRIBUTE	2
TRICKY	2
TRIED	35
TRIES	1
TRIGGERED	1
TRINITY	3
TRIO	1
TRIP	5
TRIPOS	1
TRIVIAL	8
TROOPS	4
TROPICAL	1
TROT	2
TROUBLE	55
TROUBLED	2
TROUBLES	7
TROUGH	1
TROUSERS	2
TRUE	83
TRUNCATION	1
TRUNKS	1
TRUST	4
TRUSTS	1
TRUSTWORTHY	3
TRUTH	7
TRY	64
TRYING	83
TUBE	3
TUESDAY	11
TUESDAYS	1
TUNE	2
TUPPENCE	1
TURN	26
TURNED	28
TURNING	7
TUSK	5
TUTOR	19
TUTORIAL	1
TUTORIALS	4
TUTORS	2
TUTTING	1
TV	1
TWADDLE	1
TWELFTH	2
TWELVE	29
TWENTIES	5
TWENTIETH	5
TWENTY	43
TWICE	15
TWIDDLE	2
TWIDDLING	1
TWIG	1
TWINKLE	1
TWINS	1
TWIST	3
TWISTED	1
TWISTY	1
TWITTER	1
TWITTERED	2
TWO	363
TWOPENCES	1
TYING	1
TYPE	34
TYPECAST	2
TYPES	3
TYPESCRIPT	2
TYPICAL	3
TYPICALLY	1
TYPING	6
TYPIST	1
TYPISTS	1
U	5
UGH	4
UGLY	2
ULCER	1
ULCERS	1
ULTIMATELY	2
ULTRA	1
UM	1
UMBRELLA	1
UN	2
UNABLE	1
UNAVAILABLE	1
UNBEARABLE	2
UNBELIEVABLE	6
UNCERTAIN	3
UNCERTAINTY	1
UNCLE	3
UNCOMFORTABLE	2
UNDER	43
UNDERCUT	1
UNDERCUTS	1
UNDERGARMENT	1
UNDERGRADUATE	16
UNDERGRADUATES	15
UNDERGROUND	1
UNDERLINING	1
UNDERNEATH	1
UNDERPAID	1
UNDERSTAND	44
UNDERSTANDABLE	1
UNDERSTANDING	3
UNDERSTANDS	3
UNDERSTATEMENT	1
UNDERSTOOD	5
UNDERTAKE	1
UNDERTONES	1
UNDISTINGUISHED	1
UNDRESS	1
UNDRESSING	1
UNEDUCATED	1
UNEMPLOYED	3
UNEMPLOYMENT	2
UNEVEN	1
UNEXPECTED	2
UNFAIR	5
UNFASHIONABLE	1
UNFORTUNATE	8
UNFORTUNATELY	10
UNFURNISHED	1
UNGRAMMATICAL	1
UNGRATEFUL	1
UNHAPPY	1
UNHEALTHY	2
UNHEARD	1
UNHOLY	1
UNIFORM	7
UNIFORMS	2
UNIFYING	1
UNIMPORTANT	1
UNINTELLIGIBLE	1
UNION	5
UNIONISTS	1
UNIONS	1
UNIQUE	2
UNISEX	2
UNIT	18
UNITED	13
UNITY	1
UNIVERSAL	2
UNIVERSALLY	1
UNIVERSE	1
UNIVERSITIES	13
UNIVERSITY	108
UNJUST	2
UNJUSTIFIED	1
UNLESS	27
UNLICENSED	1
UNLIKE	2
UNLIKELY	6
UNLUCKY	1
UNMILITARY	1
UNOBTAINABLE	1
UNOCCUPIED	1
UNPLEASANT	5
UNPREDICTABLE	2
UNPROFITABLE	1
UNREAL	1
UNREASONABLE	1
UNRELIABLE	3
UNSAFE	1
UNSATISFACTORY	3
UNSHAVEN	1
UNSPECIFIED	1
UNSTABLE	1
UNSUITABLE	1
UNSUSPECTING	1
UNTIDY	1
UNTIED	2
UNTIL	61
UNTOUCHED	2
UNTRUE	1
UNUSED	2
UNUSUAL	7
UNVARIABLE	1
UNWIELDY	1
UNWILLING	1
UNWINDING	1
UNWITTY	1
UNWRITTEN	1
UP	592
UPBRAIDING	1
UPBRINGING	1
UPDATED	1
UPHEAVAL	1
UPHELD	2
UPHOLD	1
UPON	15
UPPER	3
UPRIGHT	1
UPS	1
UPSET	4
UPSETS	1
UPSETTING	1
UPSIDE	4
UPSTAIRS	15
UPSTARTS	1
UPWARDS	1
URBAN	1
URGE	1
URGENT	1
URGING	1
URINALS	1
URN	1
US	151
USAGE	1
USE	70
USED	123
USEFUL	12
USELESS	3
USERS	1
USES	9
USING	21
USUAL	15
USUALLY	18
UTTERLY	6
V	2
VAC	4
VACANCIES	1
VACANCY	1
VACATION	2
VACUUM	1
VAGUE	11
VAGUELY	7
VALE	1
VALID	1
VALLEY	3
VALUABLE	3
VALUATION	3
VALUE	13
VALUED	3
VALUELESS	1
VALUES	1
VAN	1
VANISH	2
VANISHES	1
VARIANTS	1
VARIATIONS	2
VARIED	3
VARIES	2
VARIETY	5
VARIORUM	1
VARIOUS	30
VARIOUSLY	1
VARY	6
VAST	8
VASTLY	1
VAT	1
VEGETABLE	1
VEGETABLES	1
VEHICLE	1
VEILS	1
VENEER	1
VENTURE	1
VERB	6
VERBAL	5
VERBALIZE	1
VERBALLY	1
VERBIAGE	1
VERBS	6
VERGE	1
VERIFY	1
VERMOUTH	1
VERSATILE	1
VERSATILITY	1
VERSE	3
VERSION	6
VERSIONS	2
VERY	982
VESSEL	1
VEST	1
VETS	1
VEXED	1
VIBRATO	1
VICE	3
VICEROY	3
VICIOUS	1
VICIOUSLY	1
VICTIMS	2
VICTORIA	3
VICTORIAN	1
VICTORY	1
VIDEO	3
VIE	1
VIES	1
VIEW	43
VIEWS	10
VIKING	2
VILLAGE	7
VINDICATION	1
VINTAGE	1
VIOLENT	1
VIOLINIST	1
VIRTUALLY	8
VIRTUE	1
VIRTUES	1
VISA	2
VISION	3
VISIT	10
VISITED	4
VISITING	1
VISITOR	3
VISITORS	2
VISITS	3
VISUAL	7
VITAL	1
VITAMIN	16
VIVA	7
VIVACIOUS	1
VIVAS	4
VIVID	2
VOCABULARY	3
VOCALLY	1
VOCATION	1
VODKA	1
VOICE	10
VOICES	4
VOLATILE	1
VOLATILITY	1
VOLUBLE	1
VOLUME	7
VOLUNTARY	3
VOLUNTEERING	1
VOODOO	1
VOTE	9
VOTED	1
VOTER	1
VOTING	1
VOWEL	1
VOWELS	1
VULGAR	1
W	22
WADED	1
WAFFLED	1
WAGING	1
WAIST	1
WAIT	17
WAITED	5
WAITING	16
WAITRESS	1
WAKE	2
WAKEN	1
WAKING	1
WALK	19
WALKED	26
WALKING	13
WALKS	4
WALL	13
WALLAHS	2
WALLPAPER	1
WALLS	9
WANDER	2
WANDERED	4
WANDERING	6
WANDERS	1
WANGLE	2
WANT	251
WANTED	81
WANTING	10
WANTS	34
WAR	49
WARD	3
WARDROBE	2
WAREHOUSE	3
WARES	1
WARM	14
WARMED	1
WARMER	1
WARMLY	1
WARMTH	2
WARN	2
WARNING	4
WARS	7
WARSHIPS	1
WART	1
WARTIME	4
WAS	2079
WASH	6
WASHES	2
WASHING	4
WASN'T	142
WASTE	13
WASTED	6
WASTEFULLY	1
WASTES	1
WASTING	4
WATCH	7
WATCHING	9
WATER	24
WATERSIDE	1
WATERY	1
WATT	1
WAVE	2
WAVED	1
WAVING	1
WAY	282
WAYS	25
WE	1060
WE'D	28
WE'LL	44
WE'RE	116
WEAK	2
WEAKEST	3
WEALD	1
WEALTHY	4
WEAR	11
WEARING	8
WEARS	1
WEARY	2
WEATHER	6
WEDDED	1
WEDDING	8
WEDGE	1
WEDLOCK	2
WEDNESDAY	18
WEDNESDAYS	2
WEEK	82
WEEKEND	13
WEEKENDS	3
WEEKS	63
WEENY	1
WEIGHED	1
WEIGHS	1
WEIGHT	1
WEIGHTED	1
WEIGHTING	2
WEIRD	5
WELCOME	5
WELCOMED	1
WELL	1753
WELLKNOWN	4
WERE	539
WEREN'T	36
WEST	12
WET	3
WETS	1
WHAT	1119
WHAT'S	116
WHATEVER	53
WHATSOEVER	1
WHEELS	2
WHEN	557
WHEN'S	1
WHENEVER	12
WHERE	251
WHERE'S	8
WHEREABOUTS	3
WHEREAS	21
WHEREBY	4
WHEREVER	11
WHETHER	120
WHEW	1
WHICH	636
WHILE	43
WHIPPED	6
WHISK	1
WHISKED	2
WHISKEY	1
WHISKY	4
WHISPER	1
WHISTLE	2
WHITE	19
WHITHER	1
WHITSUN	2
WHIZZING	2
WHO	395
WHO'D	10
WHO'LL	2
WHO'S	56
WHOA	2
WHOEVER	8
WHOLE	136
WHOLEMEAL	1
WHOM	18
WHORE	4
WHOSE	17
WHY	201
WICKED	2
WICKEDNESS	1
WIDE	7
WIDELY	6
WIDER	3
WIDOW	3
WIDOWER	2
WIFE	22
WIGGLE	2
WILD	10
WILDEST	1
WILDLY	2
WILL	197
WILLING	11
WILLY	1
WIN	3
WIND	9
WINDING	6
WINDOW	4
WINDOWS	2
WINDS	1
WINE	15
WINEGLASSES	1
WINES	4
WINGS	2
WINNING	1
WINTER	11
WINTERS	1
WIPING	1
WIRE	4
WIRELESS	4
WIRING	2
WISE	6
WISH	19
WISHED	1
WISHES	1
WIT	1
WITH	845
WITHDRAW	2
WITHDRAWING	1
WITHDRAWN	2
WITHDRAWS	1
WITHIN	39
WITHOUT	51
WITNESS	1
WITS	2
WITTY	2
WIVES	2
WOBBLE	1
WOBBLING	1
WOKE	1
WOLF	2
WOMAN	33
WOMEN	26
WON'T	51
WONDER	20
WONDERED	10
WONDERFUL	14
WONDERFULLY	1
WONDERING	7
WONDERS	1
WONT	1
WOOD	5
WOODEN	2
WOODS	1
WOODWORK	1
WOOL	1
WOOLLY	6
WOOZY	1
WORD	52
WORDED	1
WORDS	55
WORE	3
WORK	192
WORKABLE	1
WORKED	28
WORKER	4
WORKERS	3
WORKHOUSE	1
WORKING	64
WORKS	30
WORLD	53
WORLDS	1
WORM	1
WORRIED	9
WORRIES	6
WORRY	15
WORRYING	4
WORSE	16
WORST	4
WORTH	65
WORTHWHILE	5
WORTHY	4
WOULD	697
WOULDN'T	142
WOUNDED	1
WOW	3
WRAPPED	1
WRETCHED	5
WRIGGLE	1
WRITE	53
WRITER	5
WRITERS	2
WRITES	5
WRITING	56
WRITINGS	1
WRITTEN	44
WRONG	51
WRONGLY	1
WROTE	32
WROUGHT	1
X	5
X'S	1
XEROX	14
Y	6
YACHTING	2
YACHTSMAN	1
YAH	1
YARD	1
YARDS	3
YAWNING	1
YEA	22
YEAH	854
YEAR	203
YEARS	199
YEAST	2
YELLOW	2
YEP	6
YES	2675
YESTERDAY	12
YET	69
YIDDISH	9
YON	1
YOU	4817
YOU'D	74
YOU'LL	48
YOU'RE	271
YOU'VE	218
YOUNG	32
YOUNGER	14
YOUNGEST	2
YOUNGSTERS	1
YOUR	424
YOURS	13
YOURSELF	36
YOURSELVES	1
YOUTH	2
Z	2
ZERO	5
ZIGZAG	1
ZOOLOGY	8
