A	201
ABANDONMENT	272
ABASEMENT	275
ABATEMENT	250
ABBESS	401
ABDICATION	275
ABDOMEN	586
ABDUCTION	337
ABERRATION	330
ABHOR	320
ABILITY	273
ABLE	302
ABODE	498
ABORIGINAL	335
ABOUT	227
ABRIDGEMENT	285
ABRUPT	266
ABSCESS	538
ABSOLUTION	241
ABUNDANCE	267
ABUNDANT	351
ABYSS	450
ACADEMY	499
ACCELERATION	358
ACCIDENT	419
ACCOMMODATION	464
ACCOMPLICE	395
ACCORD	299
ACCORDANCE	270
ACCORDION	586
ACCOUNT	365
ACCUMULATION	285
ACCUSER	424
ACHE	443
ACIDITY	384
ACKNOWLEDGE	290
ACRE	462
ACROBAT	566
ACT	379
ACTUALITY	247
ACUMEN	272
ADAGE	373
ADDER	615
ADDITION	339
ADHERENCE	265
ADJECTIVE	316
ADJOURNMENT	311
ADMINISTRATION	331
ADMIRAL	528
ADMIRE	296
ADMISSION	305
ADMONISH	269
ADOLESCENCE	267
ADORN	339
ADULT	492
ADULTERY	311
ADVANTAGE	282
ADVENTURER	462
ADVERB	352
ADVERSITY	314
ADVICE	291
ADZE	283
AERIAL	517
AFFECTION	280
AFFIRMATION	242
AFFRIGHT	229
AFRAID	336
AFTER	242
AFTERNOON	406
AGE	390
AGENCY	426
AGGRESS	271
AGGRESSOR	439
AGILE	356
AGILITY	327
AGONY	348
AGREEMENT	327
AGUE	365
AH	253
AID	372
AIL	385
AIM	324
AIR	518
AIRSHIP	585
AIRY	334
AISLE	509
ALACRITY	269
ALBATROSS	621
ALBUMIN	415
ALCHEMIST	462
ALCOHOL	618
ALE	578
ALERT	400
ALGAE	545
ALGEBRA	453
ALIAS	232
ALIEN	399
ALIMONY	454
ALKALI	437
ALL	267
ALLEGATION	272
ALLEGORY	283
ALLEY	557
ALLIGATOR	624
ALLOTMENT	502
ALLOW	268
ALLY	485
ALONE	390
ALPHABET	449
ALSO	194
ALTER	430
ALTHOUGH	218
ALTITUDE	373
ALUMINIUM	600
ALUMINUM	523
ALWAYS	249
AM	259
AMATEUR	388
AMAZEMENT	277
AMBASSADOR	546
AMBITION	281
AMBULANCE	595
AMENDMENT	326
AMETHYST	573
AMITY	278
AMMONIA	563
AMOUNT	335
AMOUR	308
AMPERE	327
AMPLIFIER	564
AMPLITUDE	315
AMUSE	321
AN	217
ANALOGY	247
ANCHOR	595
AND	220
ANECDOTE	398
ANELE	302
ANGEL	399
ANGER	315
ANGLE	467
ANIMAL	587
ANIMOSITY	253
ANKLE	608
ANNEAL	267
ANNEX	464
ANNOUNCEMENT	368
ANSWER	397
ANT	604
ANTAGONISM	288
ANTEROOM	512
ANTICIPATION	288
ANTIQUE	492
ANTITOXIN	531
ANXIETY	241
ANY	222
ANYBODY	343
APART	304
APARTMENT	575
APATHY	364
APE	654
APERTURE	467
APEX	408
APOLOGY	311
APPEAL	333
APPEAR	271
APPEARANCE	358
APPLE	620
APPLIANCE	558
APPOINTMENT	341
APPRAISE	279
APPROACH	323
APPROVAL	267
APRICOT	638
APT	183
APTITUDE	241
ARBITER	421
ARBOR	430
ARC	471
ARCH	512
ARCHERY	470
ARE	195
AREA	384
ARID	399
ARISTOCRACY	371
ARK	561
ARM	592
ARMADILLO	558
ARMOR	544
ARMOUR	591
ARMY	543
ARRANGEMENT	308
ARRAY	371
ARRIVAL	328
ARROW	595
ART	440
ARTICLE	479
ARTIFICE	388
ARTIFICIAL	350
ARTIST	554
AS	158
ASBESTOS	578
ASH	583
ASHAMED	325
ASHEN	351
ASPARAGUS	608
ASPECT	217
ASPHALT	583
ASPIRIN	574
ASSAULT	410
ASSEMBLE	394
ASSENT	311
ASSIST	342
ASSISTANCE	288
ASSORTMENT	355
ASTER	447
ASTROLABE	391
ASTRONOMY	419
ASTUTE	241
AT	194
ATE	385
ATHLETE	545
ATHLETICS	437
ATMOSPHERE	385
ATOM	481
ATROCITY	296
ATTACK	411
ATTEMPT	313
ATTEND	324
ATTENDANT	533
ATTITUDE	265
ATTRIBUTE	266
AUDIENCE	515
AUDIT	371
AUDITION	370
AUDITORIUM	552
AUNT	564
AURAL	309
AURORA	346
AUTHENTIC	276
AUTHOR	502
AUTOMOBILE	607
AUTUMN	421
AVALANCHE	554
AVENUE	539
AVIATOR	492
AVID	275
AVOWAL	240
AWAY	257
AWEIGH	231
AWKWARD	329
AWL	413
AXE	623
AXIL	467
AXIOM	306
AXLE	555
AYE	233
BABE	562
BABY	589
BACK	540
BACKGROUND	383
BACTERIA	560
BAD	308
BADGE	561
BAG	603
BAGPIPE	601
BAIL	441
BALANCE	366
BALE	462
BALL	615
BALLOON	623
BALLOT	455
BANALITY	292
BANANA	633
BAND	590
BANDAGE	639
BANDIT	547
BANG	435
BANK	573
BANKER	547
BANNER	567
BAR	565
BARB	527
BARD	395
BARE	399
BARGAIN	399
BARK	563
BARN	614
BARNACLE	542
BARON	513
BARREL	590
BASE	441
BASEMENT	585
BASIN	602
BASKET	606
BASS	547
BAT	564
BATH	600
BATON	570
BATTLE	564
BAWL	384
BAY	580
BAYONET	600
BE	225
BEACH	612
BEAK	552
BEAM	502
BEAN	604
BEAR	585
BEARD	580
BEAST	564
BEAT	361
BEAU	419
BEAUTIFUL	393
BEAUTY	336
BEAVER	589
BECAME	273
BECAUSE	196
BED	635
BEDEL	276
BEDROOM	615
BEE	597
BEECH	446
BEEF	637
BEEHIVE	611
BEEN	215
BEER	587
BEET	645
BEETLE	619
BEFORE	261
BEG	300
BEGGAR	533
BEGINNING	318
BEHAVIOUR	295
BEING	276
BELFRY	526
BELIEF	270
BELL	620
BELLE	388
BELLY	630
BELOVED	356
BELT	602
BENCH	614
BENEFACTOR	449
BENEFICIAL	251
BENEFIT	376
BENZENE	535
BEQUEST	349
BEREAVEMENT	298
BERET	578
BERRY	573
BERTH	425
BESIEGER	441
BEST	282
BET	403
BETEL	320
BETRAYAL	258
BETTERMENT	270
BEVERAGE	526
BEWILDERMENT	270
BHANG	316
BIB	548
BIBLE	585
BID	364
BIER	411
BILL	528
BILLED	377
BIN	598
BIOLOGY	400
BIRCH	620
BIRD	602
BIRTH	471
BISCUIT	574
BISHOP	587
BIT	392
BITE	509
BITTER	409
BITTERNESS	270
BIVOUAC	487
BLACK	470
BLACKSMITH	589
BLADE	584
BLAME	293
BLAND	338
BLANKET	622
BLASPHEMY	324
BLEACH	544
BLEAK	307
BLESSING	277
BLEW	367
BLIND	443
BLISTER	573
BLOCK	558
BLONDE	502
BLOOD	613
BLOOM	520
BLOSSOM	559
BLOUSE	640
BLOW	397
BLUE	459
BLUEBELL	621
BLUNDER	322
BLUNDERBUSS	423
BLUSH	465
BOAR	558
BOARD	565
BOAST	295
BOAT	637
BOATING	494
BOATSWAIN	543
BODY	568
BOIL	467
BOLE	339
BOLL	350
BOLT	556
BOMB	595
BOND	403
BONE	588
BOOK	609
BOOT	595
BOOTH	556
BORDER	444
BORE	344
BOREDOM	262
BORN	336
BORNE	324
BOSOM	552
BOSS	552
BOTANY	444
BOTH	322
BOTHER	267
BOTTLE	591
BOULDER	597
BOUNDARY	411
BOUQUET	566
BOURBON	570
BOW	572
BOWL	575
BOX	597
BOY	609
BRA	629
BRACELET	602
BRAIN	556
BRAKE	526
BRAMBLE	378
BRANCH	583
BRANDY	595
BRASS	577
BRASSIERE	592
BRAT	501
BRAVE	283
BRAVERY	261
BRAWL	456
BREAD	622
BREAK	360
BREAKFAST	576
BREAST	580
BREATH	479
BRED	308
BREEZE	500
BRIBE	367
BRICK	610
BRIDGE	623
BRIEF	361
BRIGAND	464
BRIGHT	473
BRILLIANT	350
BRIM	509
BRISKET	456
BRISTLE	558
BROAD	399
BROCADE	540
BROIL	448
BROKE	394
BROKEN	383
BRONZE	568
BROOK	611
BROOM	613
BROTHER	585
BROWNIE	535
BRUSH	589
BRUT	430
BRUTAL	402
BRUTALITY	344
BRUTE	462
BUBAL	258
BUBBLE	563
BUCKET	594
BUCKLE	568
BUD	549
BUDGET	366
BUFFER	509
BUFFOON	418
BUILD	402
BUILDER	532
BUILDING	589
BULLDOG	626
BULLET	595
BUMP	525
BUNCH	452
BUNGALOW	564
BURDEN	391
BUREAU	547
BURIAL	477
BURLAP	583
BURN	490
BURNER	500
BURRO	618
BURROW	426
BURY	372
BUSH	585
BUSINESS	389
BUSY	329
BUSYBODY	463
BUT	227
BUTCHER	556
BUTTER	618
BUTTERFLY	593
BUTTON	613
BUTYL	321
BUY	370
BY	208
BYRE	234
CABBAGE	611
CABIN	596
CABINET	593
CABLE	544
CACHE	459
CAFE	568
CAGE	593
CAKE	624
CALCULUS	331
CALF	592
CALIX	320
CALL	389
CALM	360
CALMNESS	315
CAME	265
CAMEL	597
CAMERA	627
CAMOUFLAGE	480
CAMP	571
CAN	365
CANAL	598
CANARY	577
CANCER	615
CANDIDATE	489
CANDLE	565
CANDLELIGHT	500
CANDY	602
CANE	590
CANNON	604
CANOE	623
CANON	541
CANTEEN	587
CAPACITY	293
CAPE	581
CAPITAL	448
CAPITOL	529
CAPITULATE	270
CAPSULE	540
CAPTAIN	534
CAPTIVE	516
CAR	622
CARAT	488
CARAVAN	539
CARBOHYDRATE	419
CARBON	511
CARD	565
CARDINAL	600
CARE	342
CAREER	373
CARNAGE	376
CARNATION	625
CAROL	535
CARP	613
CARPET	581
CARRIAGE	576
CARROT	622
CARRY	364
CART	576
CARTILAGE	525
CASE	548
CASEMENT	545
CASH	547
CASKET	613
CASQUE	502
CAST	502
CASTE	368
CASTOR	535
CAT	615
CATASTROPHE	305
CATERPILLAR	586
CATFISH	614
CATHEDRAL	553
CATTLE	600
CAUCUS	402
CAUGHT	340
CAUL	273
CAULIFLOWER	642
CAUSALITY	381
CAUSE	287
CAVE	592
CAVERN	534
CEDAR	608
CEDE	239
CEILING	606
CELL	542
CELLAR	572
CEMENT	646
CENT	544
CENTENNIAL	351
CENTER	371
CENTURY	346
CEREAL	637
CEREBRUM	536
CEREMONY	430
CERTIFICATE	517
CHAIN	595
CHAIR	606
CHALK	634
CHALLENGE	308
CHAMOIS	488
CHAMPION	459
CHANCE	254
CHANNEL	527
CHAOS	299
CHAOTIC	313
CHAPEL	587
CHARACTER	365
CHARITY	373
CHARLATAN	407
CHARM	352
CHARMING	386
CHART	532
CHARTER	466
CHASM	479
CHASSIS	561
CHATTERBOX	477
CHEAT	329
CHEEK	565
CHEERFUL	362
CHEESE	624
CHEMISTRY	374
CHERRY	611
CHEST	580
CHESTNUT	600
CHEW	442
CHIC	454
CHICKEN	614
CHIEF	503
CHILD	581
CHILDHOOD	335
CHILDREN	582
CHILLY	379
CHIN	592
CHINA	578
CHINCHILLA	558
CHINK	462
CHIPMUNK	611
CHISEL	597
CHLORIDE	547
CHLORINE	591
CHOCOLATE	576
CHOIR	567
CHOOSE	308
CHOP	555
CHORAL	460
CHOW	443
CHRISTMAS	432
CHROME	555
CHRONOLOGY	266
CHUCKLE	429
CHURCH	587
CHUTE	496
CIDER	626
CIGAR	580
CIGARETTE	607
CINDER	579
CINNAMON	599
CINQUE	250
CIRCLE	515
CIRCUIT	493
CIRCULAR	404
CIRCUMSTANCE	250
CIRCUS	535
CITATION	425
CITE	337
CITIZEN	455
CITY	554
CIVILIZATION	361
CLAIM	331
CLAM	564
CLAMMY	393
CLAMOR	399
CLAMOUR	353
CLANG	423
CLARINET	633
CLASH	399
CLASP	498
CLAW	587
CLAY	606
CLEAN	392
CLEANNESS	373
CLEAR	359
CLEARANCE	328
CLEAT	546
CLEAVER	526
CLEMENCY	264
CLEVER	313
CLIFF	591
CLINCH	369
CLINK	456
CLOAK	543
CLOCK	591
CLOSE	391
CLOSER	323
CLOSET	599
CLOTH	580
CLOTHES	600
CLOTHING	570
CLOUD	554
CLOVE	565
CLOVER	554
CLOWN	627
CLUB	509
CLUE	380
CLUMSY	386
COACH	561
COAL	584
COARSE	445
COAST	562
COAT	601
COCK	611
COCKPIT	576
COCKTAIL	576
CODE	432
COFFEE	613
COFFER	534
COFFIN	595
COGNITION	270
COIF	421
COIL	490
COIN	581
COKE	580
COLD	457
COLLAR	622
COLLECTION	403
COLLEGE	554
COLLEGIATE	379
COLOGNE	576
COLONEL	523
COLONY	511
COLOR	467
COLOURATION	402
COLUMN	520
COMBINATION	326
COMBINE	402
COMBUSTION	462
COME	355
COMEDY	365
COMESTIBLE	321
COMFORT	402
COMFORTER	467
COMMAND	377
COMMANDER	512
COMMENCEMENT	293
COMMERCIAL	423
COMMITTEE	498
COMMODE	482
COMMUNICATION	399
COMMUNITY	388
COMPACT	441
COMPANY	424
COMPARISON	311
COMPATRIOT	441
COMPETENCE	256
COMPETITION	342
COMPLACENT	268
COMPLICATION	323
COMPLIMENT	302
COMPOSER	487
COMPOSURE	324
COMPRESSION	356
COMRADE	497
COMRADESHIP	315
CONCEPT	264
CONCERN	509
CONCERT	252
CONCLUSION	278
CONCRETE	562
CONCURRENCE	272
CONDEMN	314
CONDESCENSION	285
CONDITION	303
CONE	573
CONFERENCE	417
CONFIDENCE	270
CONFISCATE	323
CONFLICT	305
CONFUSION	282
CONGRESS	384
CONJUGATION	303
CONJUNCTION	288
CONNOISSEUR	483
CONQUEST	339
CONSCIENCE	255
CONSEQUENCE	260
CONSERVATION	303
CONSIDERABLE	302
CONSIDERATION	260
CONSOLATION	270
CONSPIRATOR	464
CONSTITUTION	367
CONSTRUCTION	464
CONSUMMATION	318
CONTACT	456
CONTAMINATION	341
CONTENT	300
CONTENTS	414
CONTEXT	314
CONTINENT	459
CONTINUATION	288
CONTRACT	467
CONTRACTION	368
CONTRIBUTION	353
CONTROL	311
CONVENT	537
CONVENTION	488
CONVEYANCE	368
CONVOCATION	258
COOK	502
COOKIE	634
COOL	364
COOLNESS	350
COPE	347
COPIOUS	273
COPPER	547
CORAL	572
CORD	564
CORE	459
CORK	608
CORKSCREW	614
CORN	576
CORNER	533
CORNET	527
CORNICE	490
CORPORATION	361
CORPS	438
CORPSE	587
CORRESPONDENT	441
CORRIDOR	568
CORSE	360
COST	348
COSTUME	544
COTTAGE	593
COTTON	608
COUCH	578
COULOMB	317
COUNCIL	435
COUNT	351
COUNTERPANE	505
COUNTRY	465
COURAGE	277
COURSE	389
COURT	509
COURTEOUS	364
COURTSHIP	346
COUSIN	502
COVER	502
COW	621
COWARDICE	263
COWARDLY	245
COWHIDE	587
COWL	456
CRAB	626
CRADLE	587
CRAFT	464
CRAG	556
CRANBERRY	596
CRANE	606
CRANIUM	558
CRANK	448
CRAVEN	295
CRAWL	408
CREAM	621
CREATOR	395
CREATURE	541
CREEPER	555
CREW	523
CRIME	387
CRISIS	319
CRITERION	261
CRITICISM	316
CROAK	395
CROCK	456
CROCODILE	583
CROOK	520
CROOKED	387
CROQUET	559
CROSS	514
CROW	590
CROWD	546
CROWN	586
CRUCIFIX	564
CRUEL	367
CRUISER	571
CRUMB	541
CRUSH	381
CRY	436
CRYPT	573
CRYSTAL	587
CUBE	530
CUCUMBER	653
CUE	532
CUISINE	497
CULT	349
CULTURE	351
CUNNING	265
CUP	539
CURB	577
CURE	352
CURFEW	426
CURIOSITY	303
CURLER	600
CURSE	363
CURVE	447
CUSTARD	549
CUSTOM	323
CUSTOMER	505
CUT	430
CUTTLE	417
CYLIX	335
CYMBAL	513
CYNIC	379
CYST	570
DAD	603
DAFFODIL	595
DAGGER	576
DAIRY	565
DAIS	333
DAISY	613
DALLIANCE	320
DAMAGE	406
DAMAN	284
DAME	528
DAMSEL	544
DANCE	502
DANCER	558
DANDELION	558
DANDRUFF	546
DANGER	338
DARE	291
DARK	497
DARKNESS	419
DART	608
DATE	514
DAWN	501
DAY	477
DAYBREAK	511
DAYLIGHT	492
DEAD	429
DEAL	342
DEAR	326
DEATH	365
DEBACLE	370
DEBATE	375
DEBT	416
DEBUT	303
DECAY	370
DECEIT	257
DECISION	297
DECK	566
DECOMPOSITION	376
DECORATE	423
DECORATION	507
DECOY	486
DECREE	385
DEDUCTION	327
DEED	410
DEEP	400
DEER	631
DEFACE	397
DEFEAT	363
DEFENCE	346
DEFIANCE	275
DEFICIENT	329
DEFINITION	262
DEGRADED	262
DEGREE	406
DEITY	305
DELEGATION	406
DELIGHT	282
DELIRIUM	318
DELIVER	393
DELL	513
DELTA	494
DELUGE	422
DEMEANOUR	257
DEMOCRACY	298
DEMOLISH	370
DEMON	302
DEMONSTRATION	381
DENIAL	272
DENSE	353
DENT	517
DENTIST	607
DEPARTMENT	447
DEPICT	262
DEPOSIT	417
DEPRESSION	303
DEPUTY	455
DERAY	268
DERBY	495
DERELICT	506
DERIVATION	242
DESCRIPTION	341
DESIGN	444
DESK	583
DESOLATE	325
DESPAIR	279
DESPERATION	257
DESPISE	314
DESPOT	364
DESTROY	367
DESTROYER	513
DESTRUCTION	365
DETECTIVE	505
DETERMINATION	243
DETESTATION	253
DETONATION	408
DEVELOPMENT	316
DEVICE	444
DEVIL	274
DEVOTION	231
DEW	578
DEXTERITY	280
DIADEM	439
DIAL	537
DIAMOND	610
DICTATION	356
DID	235
DIE	358
DIET	449
DIFFERENCE	270
DIFFUSION	327
DIGNITY	280
DIM	402
DIME	582
DIMENSION	274
DIMPLE	547
DINER	515
DINNER	542
DIP	479
DIRECTION	336
DIRGE	403
DIRT	564
DISAGREEMENT	311
DISAPPOINT	331
DISAPPOINTED	290
DISASTER	405
DISAVOW	282
DISC	553
DISCHARGE	474
DISCIPLINE	277
DISCLOSURE	299
DISCOLOR	398
DISCOLOURATION	358
DISCONNECTION	350
DISCORD	298
DISCOVERY	332
DISCRETION	222
DISCUSSION	341
DISEASE	504
DISGRACE	278
DISHONESTY	255
DISINFECTANT	578
DISLOCATION	396
DISMISSAL	300
DISOBEDIENT	348
DISPARAGEMENT	257
DISPARITY	270
DISPLAY	462
DISPOSITION	251
DISPUTE	350
DISQUIET	270
DISRUPTIVE	318
DISSECTION	439
DISTANCE	353
DISTINCT	247
DISTINCTION	265
DISTORTION	365
DISTRACTION	289
DISTRESS	282
DISTURBER	468
DITCH	555
DIVE	494
DIVERSITY	268
DIVIDEND	366
DIVING	547
DIVISION	332
DO	276
DOCILE	339
DOCK	570
DOCTOR	575
DOE	579
DOG	610
DOGMA	317
DOLL	588
DOLLAR	575
DOLT	372
DOME	517
DOMICILE	456
DOMINATION	275
DONE	271
DONOR	409
DOOR	606
DOORWAY	578
DORMITORY	576
DOT	530
DOTAGE	293
DOUGH	627
DOUGHNUT	606
DOVE	588
DOWAGER	487
DOWN	339
DOWRY	409
DOZEN	396
DRAB	281
DRAIN	591
DRAMA	375
DRAPE	532
DRAW	442
DREAD	267
DREAM	386
DREAMER	442
DREARY	324
DRESS	595
DRESSER	560
DRILL	516
DRINK	549
DRIVER	553
DRIZZLE	558
DROP	320
DROPPER	492
DROVE	447
DRUG	555
DRUM	602
DRYAD	371
DUAL	344
DUCHESS	568
DUCK	606
DUEL	456
DUKE	508
DULLNESS	308
DUMB	340
DUMMY	551
DUMP	502
DUNGEON	562
DUNGHILL	576
DUSK	455
DUST	550
DUSTY	452
DUTY	322
DWELLER	516
DWELLING	523
DYE	542
DYNASTY	406
EACH	268
EAGER	302
EAGLE	616
EAR	640
EARL	500
EARN	349
EARTH	580
EARTHWORM	606
EASE	305
EASEL	580
EAST	363
EASY	288
EAT	486
EATING	485
EAVES	576
ECCENTRICITY	283
ECHO	415
ECONOMY	284
EDGE	465
EDICT	349
EDIFICE	566
EDITION	439
EDUCATION	320
EDUCATOR	422
EEL	634
EERIE	295
EFFECT	295
EFFORT	296
EGG	613
EGO	261
EIGHT	368
ELABORATION	288
ELBOW	607
ELECTION	343
ELECTRICITY	426
ELEGANT	309
ELEPHANT	628
ELF	437
ELIMINATION	305
ELM	579
ELOPEMENT	320
ELSE	222
EMANATION	282
EMANCIPATION	302
EMBELLISHMENT	371
EMBEZZLEMENT	335
EMBRACE	449
EMERALD	613
EMERGENCE	346
EMERGENCY	334
EMISSION	397
EMOTION	260
EMPEROR	527
EMPIRE	429
EMPLOYMENT	424
EMPORIUM	474
EMPTY	374
EMULSION	502
ENAMEL	533
ENCEPHALON	472
ENCHANTER	394
ENCORE	372
ENCOUNTER	316
END	320
ENDEAVOUR	280
ENDOSPERM	490
ENEMY	434
ENGAGEMENT	362
ENGINE	586
ENGINEER	531
ENIGMA	242
ENLIGHTENMENT	260
ENOUGH	246
ENSEMBLE	466
ENTERPRISE	331
ENTERTAIN	402
ENTHUSIASM	266
ENTRANCE	484
ENTREE	418
ENUNCIATION	252
ENVELOPE	579
ENVY	265
EPICURE	378
EPISODE	391
EPISTLE	501
EPITAPH	449
EQUALITY	342
EQUANIMITY	232
EQUIPMENT	532
EQUITY	303
ERRAND	411
ERROR	373
ESCAPE	341
ESSAY	527
ESSENCE	243
ESTABLISHMENT	391
ESTATE	541
ESTIMATE	293
ETERNAL	214
ETERNITY	302
ETHER	511
ETIQUETTE	252
EVACUATION	320
EVALUATE	388
EVANGELIST	500
EVEN	283
EVENING	439
EVENT	379
EVER	299
EVERGREEN	555
EVERY	264
EVIDENCE	340
EVOLUTION	304
EWE	538
EXACTITUDE	250
EXAMINATION	464
EXASPERATION	237
EXCEPTION	260
EXCHANGE	356
EXCISE	271
EXCITEMENT	282
EXCLUSION	293
EXCUSE	316
EXECUTIVE	477
EXERTION	324
EXHAUST	467
EXHAUSTION	358
EXPANSE	388
EXPANSION	325
EXPEDITION	403
EXPERIENCE	275
EXPLANATION	308
EXPLORATION	356
EXPOSURE	339
EXPRESS	402
EXPRESSION	297
EXPULSION	359
EXTENT	267
EXTERIOR	474
EXTERMINATION	340
EXTRA	262
EXTRAVAGANT	343
EXTREME	265
EYE	634
EYRIE	529
FABLE	459
FABRIC	565
FACE	599
FACILITY	279
FACT	332
FACTOR	328
FACTORY	586
FAIL	327
FAILING	297
FAILURE	282
FAINT	462
FAIR	413
FAIRY	433
FALCONER	522
FALL	409
FALLACY	258
FALSEHOOD	260
FAMILY	525
FAN	557
FANE	284
FANG	574
FANTASY	295
FAR	302
FARE	413
FAREWELL	361
FARM	565
FARMYARD	608
FARTHER	326
FARTHING	361
FASHION	356
FAST	304
FASTER	344
FAT	540
FATE	255
FATHER	594
FATHERLAND	361
FATIGUE	416
FAULT	315
FAVOURITE	313
FAWN	581
FAZE	308
FEAR	326
FEAST	542
FEAT	345
FEE	441
FEEL	324
FEELING	262
FEET	642
FEINT	288
FELINE	483
FELL	407
FELLOW	502
FELT	437
FENCE	597
FENCING	525
FERRY	580
FERTILE	430
FERVOUR	308
FESTIVITY	427
FETISH	288
FEUDALISM	332
FEVER	492
FEW	309
FIDDLE	582
FIELDER	509
FIFTEEN	379
FIGHT	455
FIGMENT	304
FIGURE	472
FILE	480
FILL	372
FILLING	502
FILM	604
FILTH	467
FINANCE	371
FIND	351
FINE	328
FINISH	343
FINITE	337
FIORD	574
FIR	442
FIRE	595
FIREPLACE	592
FIREWOOD	629
FIRM	400
FIRMAMENT	430
FIRST	311
FISH	597
FISHERMAN	567
FISHING	509
FISSURE	477
FIVE	365
FLAG	606
FLAIR	335
FLAME	582
FLANNEL	574
FLARE	467
FLASH	480
FLASK	595
FLAVOUR	449
FLAX	495
FLEA	625
FLEE	400
FLEECE	555
FLEET	520
FLESH	597
FLEXIBILITY	353
FLICKER	415
FLOAT	451
FLOCK	477
FLOOD	553
FLOOR	559
FLORA	557
FLOURISH	323
FLOW	311
FLOWER	584
FLUE	500
FLUSH	447
FLUTE	587
FLUTTER	386
FLY	525
FLYER	467
FOAL	420
FOAM	577
FOE	424
FOG	556
FOIBLE	336
FOIL	509
FOLLOWING	306
FOLLY	304
FONT	568
FOOD	597
FOOL	354
FOOLISH	244
FOOT	558
FOOTBALL	584
FOOTSTEP	470
FOOTWEAR	567
FOR	245
FORBID	348
FORCE	331
FORCEPS	585
FORE	300
FOREARM	608
FORECAST	308
FOREHEAD	590
FOREIGNER	492
FORELOCK	565
FOREST	609
FORETHOUGHT	254
FORFEIT	295
FORK	592
FORM	438
FORMALDEHYDE	538
FORMATION	381
FORT	580
FORTH	322
FORTIFICATION	459
FORTUNE	364
FOUL	351
FOUNDATION	462
FOUNTAIN	593
FOUR	365
FOURTH	307
FOWL	532
FOX	605
FOXTROT	440
FRAIL	383
FRAME	562
FRANC	479
FRANCHISE	360
FRANK	401
FRATERNAL	349
FRATERNITY	429
FRAUD	304
FREE	328
FREEDOM	277
FREEZE	480
FREIGHT	511
FRENZY	303
FRIAR	543
FRICTION	414
FRIEND	450
FRIENDSHIP	335
FRIEZE	324
FRIGID	411
FRILL	523
FROCK	481
FROG	619
FROM	197
FRONT	424
FRONTAGE	493
FROST	608
FROWN	454
FRUGAL	304
FRUIT	612
FRUSTRATE	322
FUDGE	608
FUEL	559
FULL	378
FULLNESS	278
FUN	295
FUNCTION	343
FUNCTIONAL	272
FUNCTIONARY	304
FUR	601
FURNACE	600
FURNITURE	583
FURY	305
FUSE	500
FUSELAGE	483
FUTURE	311
FUZZY	450
GABARDINE	562
GABLE	449
GADFLY	520
GADID	229
GAIETY	275
GAIN	346
GAIT	381
GALAXY	465
GALLANT	240
GALLERY	569
GALLON	488
GAME	477
GANG	492
GARBAGE	572
GARDEN	602
GARDENIA	576
GARLIC	636
GARMENT	552
GARRET	538
GAS	554
GASKET	525
GASP	409
GATE	573
GAUNTLET	538
GAVEL	558
GEESE	597
GEM	573
GENDER	408
GENERAL	408
GENERATION	320
GENEROUS	260
GENIUS	342
GENTLE	322
GENTLEMAN	516
GENTRY	452
GENUINE	295
GEOGRAPHICAL	355
GEOGRAPHY	338
GERM	464
GESTURE	403
GET	290
GHOST	379
GIANT	515
GIFT	533
GIG	525
GILT	413
GIN	639
GINGER	522
GINGERBREAD	623
GINGHAM	540
GIRDLE	570
GIRL	607
GIST	273
GIVE	326
GIVER	432
GLACIER	590
GLAD	318
GLARE	439
GLASS	635
GLEAM	391
GLIMPSE	372
GLITTER	420
GLOBE	535
GLOOM	399
GLORY	304
GLOVE	607
GLUT	394
GLUTTON	498
GNAT	529
GNU	474
GO	337
GOAL	482
GOAT	636
GOBLET	592
GOD	365
GODDESS	334
GODHEAD	358
GOLD	576
GOLF	540
GONDOLA	606
GONE	321
GOOD	297
GOODNESS	275
GOOF	348
GORAL	311
GORE	448
GORILLA	620
GOSPEL	403
GOT	252
GOVERNMENT	426
GOWN	586
GRACE	314
GRACEFUL	321
GRADE	338
GRADUATE	455
GRADUATION	416
GRAFT	372
GRAMERCY	279
GRAMMAR	402
GRANDFATHER	565
GRANDMOTHER	579
GRANULAR	450
GRAPE	611
GRAPH	553
GRAPHITE	562
GRASS	599
GRASSHOPPER	660
GRATE	432
GRATITUDE	239
GRAVE	535
GRAVEL	587
GRAVITY	302
GRAVY	606
GRAY	471
GRAZE	409
GREAT	311
GREED	262
GREEDY	360
GREEN	460
GREENNESS	376
GRIEF	303
GRIEVANCE	295
GRIND	441
GRIP	490
GRISLY	346
GRIZZLY	443
GROAN	432
GROCER	576
GROIN	506
GROUND	558
GROUP	451
GROVE	538
GROW	409
GROWN	356
GROWTH	381
GRUDGE	313
GUARD	517
GUESS	247
GUEST	519
GUIDE	468
GUILT	299
GULF	449
GULLET	537
GUN	612
GUSH	396
GUTTER	498
GUY	565
GYBE	242
GYM	597
GYMNASTICS	468
HABIT	358
HABITATION	531
HAD	253
HADDOCK	636
HAIL	502
HAILSTONE	576
HAIR	583
HAIRPIN	584
HALE	331
HALF	389
HALL	565
HALT	345
HALTER	550
HALVE	371
HAM	554
HAMLET	541
HAMMER	605
HAMSTER	599
HAND	604
HANDKERCHIEF	618
HANDMAID	505
HANG	397
HANK	472
HAPPINESS	295
HAPPY	355
HARBOUR	603
HARD	425
HARDLY	223
HARDSHIP	327
HARDWARE	560
HARDWOOD	567
HARE	615
HAREM	518
HARM	244
HARMONY	372
HARNESS	563
HARP	591
HARPOON	592
HARPSICHORD	623
HARSH	359
HARVEST	535
HAS	267
HASTE	303
HASTY	290
HAT	601
HATCHET	607
HATE	335
HATRED	239
HAUL	369
HAVE	251
HAVOC	338
HAWK	623
HAY	623
HAZARD	342
HAZE	509
HE	399
HEAD	603
HEADQUARTERS	525
HEAL	417
HEALTH	372
HEAP	485
HEAR	394
HEARING	369
HEART	605
HEARTLESS	304
HEAT	472
HEAVEN	305
HEAVY	413
HEDGE	615
HEEL	579
HEIGHT	376
HEIR	384
HELL	355
HELMET	602
HELP	320
HEN	631
HENCHMAN	503
HER	419
HERB	558
HERD	565
HERDSMAN	543
HERE	285
HEREDITY	330
HERESY	270
HERMIT	508
HERO	428
HEROIN	638
HEROISM	283
HERRING	617
HESITATION	257
HEXAGON	559
HIDE	451
HIERARCHY	333
HIGH	371
HIGHER	324
HIGHWAY	575
HILL	588
HIM	368
HIMSELF	285
HIND	474
HINDRANCE	329
HINT	312
HIS	320
HISTORY	328
HIVE	583
HOARSE	382
HOBBY	449
HOCKEY	535
HOE	537
HOG	581
HOLD	416
HOLE	485
HOLIDAY	439
HOME	539
HOMICIDE	385
HONESTY	278
HONEY	611
HONEYCOMB	562
HONEYMOON	515
HONOUR	258
HOOD	547
HOOF	596
HOOK	525
HOP	494
HOPE	261
HORIZONTAL	404
HORN	618
HORROR	341
HORSE	613
HORSEHAIR	581
HOSE	596
HOSPITAL	584
HOSTAGE	526
HOSTILITY	277
HOT	507
HOTEL	591
HOUND	583
HOUR	375
HOUSE	608
HOUSEHOLD	462
HOW	195
HOWEVER	186
HOWL	434
HOWLER	366
HUE	388
HUMAN	583
HUMANE	332
HUMANITY	381
HUMANKIND	426
HUMBLE	231
HUMILIATION	338
HUMOUR	309
HUMP	507
HUNGER	410
HUNGRY	439
HUNT	416
HUNTER	535
HURDLE	572
HURRICANE	576
HURT	368
HUSBAND	549
HUSH	396
HUT	589
HUZZA	349
HYBRID	344
HYGIENE	349
HYMN	502
HYPNOTIC	320
HYPOTHESIS	261
I	483
ICE	621
ICICLE	569
IDEA	259
IDEAL	253
IDENTIFICATION	285
IDIOM	360
IDLE	318
IDLENESS	242
IF	204
IGNITION	438
IGNORANCE	249
IGNORE	320
ILLITERACY	252
ILLUSION	249
IMAGINATION	274
IMITATE	348
IMITATOR	419
IMMENSITY	262
IMMORTALITY	209
IMMUNITY	293
IMPACT	379
IMPARTIAL	309
IMPATIENCE	257
IMPEDIMENT	358
IMPERFECTION	282
IMPERSONATION	331
IMPETUS	278
IMPORT	320
IMPORTANCE	244
IMPOSSIBILITY	290
IMPOSSIBLE	198
IMPOTENCY	328
IMPRESSION	288
IMPRINT	421
IMPROPRIETY	259
IMPROVEMENT	326
IMPULSE	271
IMPUNITY	242
IN	278
INACTION	297
INADEQUATE	274
INANIMATE	338
INANITY	289
INAUGURATION	305
INCANTATION	346
INCAPABLE	317
INCENSE	499
INCH	451
INCIDENT	340
INCISE	339
INCLEMENCY	298
INCLINE	376
INCOME	429
INCOMPETENT	248
INCONGRUITY	207
INCREASE	315
INCREDULITY	237
INCREMENT	322
INCURSION	275
INDEPENDENCE	242
INDIAN	622
INDICATION	282
INDIFFERENT	253
INDIGENOUS	275
INDISCRETION	250
INDIVIDUAL	474
INDOLENCE	211
INDUCEMENT	288
INDULGENT	272
INDUSTRY	479
INEBRIETY	353
INEFFICIENCY	225
INEXPERIENCE	247
INFALLIBILITY	225
INFANT	579
INFANTRY	530
INFECTION	468
INFERIOR	311
INFERNO	487
INFINITE	267
INFINITY	204
INFIRMARY	557
INFLUENCE	280
INFORMATION	388
INFRINGEMENT	262
INGRATITUDE	250
INHABITANT	508
INHALE	417
INHIBITION	262
INITIATION	272
INJURY	497
INK	608
INN	592
INNATE	308
INNOCENCE	247
INOCULATION	470
INQUIRY	358
INSECT	593
INSIGHT	270
INSISTENCE	262
INSOLENCE	248
INSOLENT	311
INSTANCE	284
INSTINCT	311
INSTITUTE	499
INSTITUTION	442
INSTRUCTOR	558
INSTRUMENT	543
INSUFFICIENCY	257
INSULT	375
INSURANCE	315
INTEGRITY	247
INTELLECT	254
INTELLIGENCE	275
INTEMPERANCE	248
INTENSE	361
INTENTION	285
INTEREST	305
INTERIM	310
INTERIOR	434
INTERMISSION	333
INTERPOSITION	257
INTERRUPTION	338
INTERVIEW	420
INTIMATE	281
INTIMATION	311
INTO	306
INTOXICATION	373
INTRODUCTION	341
INVADER	485
INVENTION	388
INVESTIGATION	351
INVITATION	439
INVOICE	538
IODINE	576
IOTA	275
IRIS	589
IRON	584
IRONY	243
IRREGULARITY	270
IRRIGATION	452
IRRITATION	305
IS	223
ISLAND	596
ISLANDER	526
ISLE	530
ISSUE	338
IT	271
ITCH	488
ITEM	436
ITS	209
IVORY	571
IVY	567
JACK	552
JACKET	635
JADE	570
JAGGED	444
JAIL	590
JAM	563
JAMB	326
JANGLE	373
JANITOR	532
JAR	595
JARGON	352
JAW	617
JEALOUSY	250
JEEP	622
JEER	338
JELLY	560
JEOPARDY	266
JERID	252
JERK	441
JERSEY	621
JET	580
JEWEL	594
JIBE	337
JINGLE	437
JITTERBUG	472
JOB	432
JOBBER	449
JOCKEY	557
JOG	464
JOIN	292
JOKE	388
JOLT	424
JOURNAL	563
JOVIALITY	275
JOY	300
JUBILANT	345
JUDGE	506
JUDGEMENT	260
JUGGLER	547
JUICE	599
JUMP	449
JUNCTION	477
JUNIOR	384
JUPON	238
JURY	540
JUST	257
JUSTICE	307
JUSTIFICATION	219
JUSTIFY	289
KABOB	536
KALE	558
KEEL	515
KEEN	336
KEEP	339
KEEPER	459
KEG	586
KENNEL	611
KEPT	264
KERCHIEF	583
KERNEL	559
KEROSENE	597
KETTLE	602
KEVEL	297
KEY	612
KICK	485
KID	536
KILL	386
KILT	609
KIND	323
KINDLE	386
KINDNESS	261
KINE	432
KING	559
KINGDOM	392
KINK	421
KISS	564
KITE	592
KITTEN	612
KNEE	593
KNEW	291
KNIFE	612
KNIGHT	579
KNITTING	583
KNOB	586
KNOLL	486
KNOW	274
KNOWLEDGE	278
KNOWN	226
KNUCKLE	586
LABOUR	406
LABYRINTH	515
LACE	545
LACK	311
LAD	548
LADY	564
LAGAN	246
LAID	350
LAIN	331
LAIR	475
LAKE	585
LAMB	633
LAMENT	320
LAMP	615
LANCER	504
LAND	604
LANDSCAPE	542
LANE	537
LANTERN	630
LAP	540
LARCH	623
LARD	517
LARK	578
LARKSPUR	482
LAST	299
LATCH	578
LATE	262
LATHE	481
LATTER	280
LAUD	294
LAUGH	433
LAUGHTER	411
LAUNDRY	576
LAW	349
LAWN	588
LAWYER	569
LAX	315
LAZY	354
LEAD	543
LEADER	487
LEAF	593
LEAFLET	570
LEAK	472
LEAL	266
LEAN	395
LEAP	389
LEARN	370
LEARNING	303
LEASE	371
LEAST	275
LEATHER	575
LECTURE	451
LECTURER	561
LED	370
LEEK	621
LEES	306
LEFT	341
LEG	626
LEGALITY	302
LEGENDARY	272
LEGHORN	472
LEGISLATION	397
LEGITIMATE	265
LEMON	608
LEMONADE	615
LENGTH	365
LENIENT	285
LENS	573
LEOPARD	595
LESS	266
LESSEN	287
LESSON	404
LETTER	577
LETTUCE	579
LEVEL	422
LEVER	572
LEVITY	297
LIAR	409
LIBERTY	302
LIBRARY	564
LICE	543
LICHEN	547
LIE	357
LIEN	332
LIEUTENANT	560
LIFE	361
LIFT	461
LIGHT	550
LIGHTER	400
LIGHTNING	525
LIKE	286
LIKEN	322
LILY	609
LIMB	590
LIME	590
LIMELIGHT	379
LIMN	275
LIMOUSINE	624
LIMP	481
LINE	477
LINEN	581
LINK	488
LINKS	454
LINT	537
LION	627
LIP	590
LIQUID	555
LIQUOR	630
LIRE	449
LISP	429
LISTEN	408
LITER	482
LITERAL	295
LITERATURE	462
LITTLE	378
LITTORAL	273
LIVE	436
LIVER	617
LIZARD	588
LOAD	439
LOAFER	417
LOAN	372
LOBBY	532
LOBSTER	590
LOCK	565
LOCKER	586
LODE	342
LODGE	538
LOGIC	250
LOGOS	299
LONE	325
LONG	381
LOOK	376
LOON	481
LOOP	490
LOOT	542
LOQUACITY	326
LORD	409
LORRY	420
LOSE	299
LOSS	313
LOTION	534
LOUD	413
LOVE	311
LOVELY	318
LOW	322
LOWLAND	497
LOYALTY	261
LUBRICANT	520
LUCK	275
LUMBER	560
LUMP	542
LUNCH	552
LUNE	328
LUNG	569
LUNGE	376
LURE	422
LUST	324
LUTE	509
LUXURY	346
LYE	515
LYMPH	501
LYNX	568
LYRE	538
MACARONI	631
MACHINE	578
MACHINERY	545
MACKEREL	636
MAD	308
MADE	327
MADMAN	470
MADNESS	289
MAGAZINE	588
MAGIC	257
MAGICIAN	560
MAGNATE	413
MAGNESIUM	547
MAGNET	550
MAGNITUDE	333
MAHOGANY	513
MAIDEN	545
MAIL	508
MAIN	324
MAIZE	453
MAJORITY	338
MAKE	299
MAKER	426
MALADY	379
MALARIA	506
MALE	564
MALICE	248
MALL	459
MALLET	623
MAMMAL	549
MAN	618
MANAGEMENT	381
MANE	554
MANGANESE	540
MANICURE	449
MANKIND	406
MANNER	297
MANOR	523
MANSION	579
MANTLE	579
MANUFACTURER	467
MANURE	644
MANUS	315
MANY	276
MAP	565
MAPLE	534
MAR	302
MARBLE	611
MARCH	440
MARE	549
MARGIN	472
MARK	464
MARKET	551
MARL	394
MAROON	486
MARRIAGE	398
MARRY	362
MARTIAL	338
MARVEL	293
MASH	418
MASS	397
MAST	576
MASTER	498
MASTERY	279
MAT	513
MATCH	535
MATE	507
MATERIAL	539
MATERNITY	341
MATH	386
MATHEMATICAL	328
MATHEMATICS	413
MATTER	439
MATTRESS	640
MATURITY	234
MAY	332
MAYOR	507
MAZE	528
ME	511
MEADOW	594
MEAL	602
MEAN	313
MEANT	226
MEASLES	568
MEASURE	366
MEAT	587
MECHANIC	580
MECHANICAL	385
MEDAL	571
MEDALLION	577
MEDICINE	517
MEDIOCRITY	217
MEEK	299
MEET	341
MEETING	403
MELANCHOLY	329
MELEE	414
MELT	413
MEMBER	455
MEMORY	284
MEN	586
MENACE	377
MENAD	263
MENU	555
MERCHANT	517
MERCURY	537
MERCY	239
MERIT	308
MERMAID	494
MERRY	370
MESSAGE	459
MESSENGER	527
METAL	582
METHOD	303
METHYLENE	558
METIS	248
METROPOLIS	504
MICA	474
MICROBE	482
MICROSCOPE	591
MIDNIGHT	396
MIDSHIPMAN	532
MIEN	283
MIGHT	271
MILD	330
MILE	460
MILEAGE	421
MILITARY	417
MILK	670
MILLION	364
MILLSTONE	578
MIMIC	329
MINCE	430
MIND	333
MINE	452
MINER	551
MINERAL	527
MINISTER	563
MINK	589
MINNOW	621
MINOR	353
MINSTREL	530
MINUTE	361
MIRACLE	282
MIRAGE	377
MIRROR	605
MISCHANCE	270
MISCHIEF	325
MISCHIEVOUS	292
MISCONCEPTION	251
MISERY	297
MISMANAGEMENT	295
MISS	372
MISSILE	597
MIST	497
MISTER	349
MISTRESS	530
MISUSE	318
MITE	463
MIXER	574
MIXTURE	356
MOAN	379
MOAT	509
MOCCASIN	611
MOCKER	432
MODERNIST	356
MOHAIR	583
MOHUR	266
MOISTURE	545
MOLASSES	578
MOLD	486
MOLE	590
MOLECULE	453
MOMENT	301
MONAD	247
MONARCH	525
MONASTERY	564
MONEY	574
MONK	570
MONKEY	566
MONOCLE	603
MONSOON	508
MONTH	345
MONUMENT	558
MOOD	234
MOON	581
MOONLIGHT	456
MOOSE	616
MORAL	220
MORASS	415
MORBID	358
MORE	284
MORGUE	572
MORNING	515
MORPHINE	580
MORTAL	406
MORTAR	548
MORTGAGE	422
MOSQUE	478
MOSQUITO	595
MOSS	575
MOST	321
MOTE	397
MOTH	550
MOTHER	579
MOTION	367
MOTIVE	255
MOTOR	565
MOUNTAIN	616
MOUSE	624
MOUSER	347
MOUSSE	492
MOUTH	568
MOUTHPIECE	608
MOVE	390
MOVIE	590
MUCH	242
MUCIN	304
MUCOUS	539
MUCUS	565
MUD	605
MUG	576
MULE	592
MULTIPLICATION	387
MULTITUDE	361
MURAL	515
MURDER	445
MUSCLE	573
MUSIC	512
MUSICIAN	564
MUSSEL	618
MUST	297
MUSTARD	595
MUTILATION	452
MUTINY	367
MUTTON	538
MUZZLE	585
MY	253
MYSTERY	256
MYSTIC	345
MYTH	334
NABOB	225
NADIR	279
NAG	392
NAIL	598
NAME	405
NAMESAKE	356
NAPKIN	585
NARES	320
NARROW	372
NARROWNESS	303
NATION	415
NATIVE	471
NATURE	414
NAVAL	519
NAVE	402
NAVEL	583
NAVY	472
NEAR	337
NEAT	314
NECESSITY	273
NECK	587
NECKLACE	633
NECTAR	556
NEED	314
NEEDLE	608
NEGLECT	282
NEIGHBOUR	515
NEIGHBOURHOOD	429
NEPHEW	541
NERVE	488
NERVOUS	338
NEST	557
NET	577
NEUTER	336
NEUTRALITY	267
NEVER	259
NEW	348
NEWBORN	452
NEWS	437
NEWSPAPER	576
NEWT	606
NEXT	262
NICE	279
NICETY	242
NICKEL	597
NIDUS	296
NIGHT	496
NIGHTFALL	511
NIGHTGOWN	644
NIGHTINGALE	621
NINE	452
NIP	515
NISUS	337
NO	318
NOB	492
NOD	437
NOEL	363
NOLL	401
NOMAD	512
NONE	288
NONSENSE	256
NOODLE	588
NOOSE	542
NOPE	270
NOR	190
NORMAL	237
NOSE	628
NOT	273
NOTE	525
NOTICE	479
NOUN	387
NOVEL	529
NOW	309
NOWHERE	222
NOZZLE	555
NUMB	379
NUMBER	395
NUN	583
NURSE	588
NURSERY	528
NUTMEG	586
NUTRIENT	432
NYMPH	424
OAK	588
OAR	572
OAT	553
OATH	331
OATMEAL	552
OBEDIENCE	238
OBEDIENT	317
OBESE	492
OBJECT	487
OBLIQUE	351
OBLIVION	242
OBLIVIOUS	306
OBOE	586
OBSCURE	320
OBSERVATION	326
OBSERVER	505
OBSESSION	243
OBSTRUCTION	421
OCCASION	346
OCCASIONAL	315
OCCUPATION	381
OCEAN	593
ODE	381
ODOUR	472
OF	180
OFF	281
OFFAL	583
OFFEND	321
OFFICE	569
OFFICER	550
OFFSHOOT	365
OH	233
OIL	581
OKAY	245
OLD	349
OLDER	348
OLIVE	618
OMEN	319
ON	262
ONCE	315
ONE	379
ONION	632
ONLY	218
ONSLAUGHT	346
OPAL	533
OPEN	381
OPENING	455
OPINION	285
OPIUM	552
OPPONENT	440
OPPORTUNITY	306
OPPOSITION	316
OPTIMISM	240
OR	248
ORANGE	601
ORCHESTRA	578
ORCHID	599
ORDER	344
ORDERLY	388
ORGAN	596
ORIGIN	319
ORIGINALITY	257
ORIGINATE	285
ORIGINATOR	491
ORNAMENT	615
ORNATE	339
OSCILLATION	333
OSCULATION	410
OSTENTATION	262
OTHER	275
OTTER	631
OUNCE	502
OUR	245
OUT	249
OUTBREAK	358
OUTCOME	318
OUTFIT	515
OUTHOUSE	573
OUTPOST	462
OUTSET	305
OUTSIDER	468
OVEN	593
OVER	287
OVERCOAT	611
OVERLAP	371
OVERPRODUCTION	297
OVERSHOE	553
OVERTONE	300
OWL	614
OWN	317
OWNER	468
OWNERSHIP	336
OX	633
OXIDE	462
OXYGEN	484
OYSTER	573
PACIFISM	279
PACKAGE	580
PACT	372
PAEAN	281
PAGE	571
PAID	386
PAIL	538
PAIN	426
PAINT	577
PAINTER	568
PAINTING	615
PAIR	377
PALACE	579
PALE	385
PALETTE	565
PALL	362
PALM	596
PAMPAS	570
PAN	586
PANCREAS	573
PANE	506
PANIC	324
PANOPLY	411
PANORAMA	397
PANTIES	597
PANTS	619
PAPER	599
PARADE	523
PARADISE	326
PARADOX	257
PARAGRAPH	493
PARALLELISM	260
PARCEL	525
PARDON	307
PARE	361
PARISH	434
PARK	579
PARLIAMENT	456
PARRY	311
PART	339
PARTICIPANT	439
PARTNER	500
PARTY	496
PASS	385
PASSAGE	558
PASSENGER	562
PASSION	300
PAST	293
PASTE	559
PASTOR	567
PASTURE	562
PAT	400
PATCH	558
PATENT	400
PATH	504
PATHETIC	256
PATIENCE	266
PATIENT	487
PATTERN	472
PAUL	524
PAUSE	306
PAVIS	283
PAWN	480
PAX	274
PAYMENT	432
PEA	614
PEACE	309
PEACEFUL	360
PEACEMAKER	432
PEACH	617
PEAL	402
PEAR	634
PEARL	597
PEASANT	550
PECK	432
PEDAL	602
PEDDLE	482
PEEK	411
PEEL	432
PEEP	388
PEER	406
PEG	537
PELT	526
PEN	571
PENCIL	617
PENDULUM	583
PENICILLIN	590
PENNY	606
PEON	440
PEOPLE	540
PEP	314
PEPPER	591
PERCEPTION	287
PERCH	576
PERDITION	272
PERFORMANCE	409
PERFORMER	529
PERIOD	358
PERIODICAL	538
PERISH	329
PERJURY	323
PERMANENT	336
PERMISSION	425
PERMIT	399
PERPETRATOR	409
PERRY	350
PERSE	313
PERSECUTION	300
PERSON	562
PERSONAL	311
PERSONALITY	311
PERSONNEL	429
PERTURBATION	222
PESO	520
PEST	479
PESTLE	465
PET	557
PETAL	586
PEW	554
PEWIT	294
PHAETON	383
PHANTOM	364
PHASE	360
PHIAL	545
PHILOLOGY	272
PHILOSOPHY	257
PHONE	624
PHOTOGRAPH	590
PHRASE	321
PHYSICIAN	573
PHYSICS	406
PIANIST	565
PIANO	615
PICK	502
PICKLE	606
PICTURE	579
PICUL	308
PIDGIN	372
PIE	613
PIECE	384
PIER	588
PIG	614
PIGEON	609
PILE	504
PILL	610
PILLOW	613
PIMPLE	579
PIN	600
PINE	592
PINEAPPLE	653
PINT	483
PIONEER	467
PIOUS	288
PIPE	602
PIPING	538
PIQUE	329
PISTON	586
PIT	593
PITY	303
PLACARD	448
PLACE	427
PLAICE	314
PLAIN	426
PLAIT	353
PLAN	357
PLANE	535
PLANET	523
PLANK	592
PLANT	594
PLATE	595
PLATFORM	547
PLATTER	593
PLAY	468
PLAYING	379
PLAZA	479
PLEA	308
PLEASURE	302
PLEDGE	360
PLENIPOTENTIARY	351
PLENTIFUL	317
PLIABLE	377
PLIERS	645
PLOT	379
PLUG	558
PLUM	632
PLUMB	459
PLUNGE	396
POCKET	578
PODIUM	546
POET	552
POETRY	425
POINT	464
POISON	527
POLE	577
POLICEMAN	574
POLIO	555
POLISH	535
POLITE	342
POLITICIAN	494
POLKA	477
POLL	429
POLLEN	584
POLLUTION	463
POLO	495
POLYP	435
POMMEL	323
POND	623
PONY	611
POOL	573
POOR	311
POPE	593
POPULATION	406
PORCH	596
PORE	492
PORK	585
PORT	531
PORTAL	545
PORTION	384
PORTRAIT	570
PORTRAY	337
POSITION	351
POSSESSION	379
POST	533
POSTER	592
POT	584
POTATO	629
POUCH	568
POUND	515
POUR	356
POVERTY	343
POWDER	513
POWER	325
PRACTICAL	331
PRAIRIE	575
PRAISE	354
PRAY	372
PRAYER	381
PRECAUTION	300
PRECIPITATE	350
PRECURSOR	371
PREDICAMENT	277
PREDICT	288
PREFERENCE	219
PREFIX	370
PREJUDICE	340
PRELUDE	364
PREPARATION	338
PREPOSITION	353
PRESENCE	326
PRESENT	389
PRESIDENT	526
PRESSURE	379
PRESTIGE	248
PRETENCE	227
PRETTY	341
PREVALENT	255
PREY	464
PRIDE	270
PRIEST	561
PRIMARY	326
PRIME	360
PRINCE	542
PRINCESS	568
PRINCIPAL	381
PRINCIPLE	245
PRISON	570
PRISONER	548
PRIVATE	350
PRIZE	474
PROBLEM	360
PROCESSION	500
PRODUCE	432
PRODUCT	516
PRODUCTION	318
PRODUCTIVE	309
PROFESSION	374
PROFESSIONAL	379
PROFESSOR	549
PROFILE	510
PROFIT	364
PROFITEER	417
PROGRAMME	411
PROHIBIT	301
PROJECTILE	532
PROJECTOR	548
PROMENADE	538
PROMOTION	368
PRONG	530
PRONOUN	346
PROOF	328
PROP	474
PROPELLER	593
PROPERTY	460
PROPHET	450
PROPORTION	305
PROPRIETOR	518
PROSECUTOR	520
PROSPER	356
PROSPERITY	301
PROTECTION	308
PROTEST	339
PROTOCOL	264
PROUD	327
PROVENDER	326
PROVINCIAL	339
PROVISION	432
PROW	485
PROXY	365
PRUNE	611
PSALM	409
PSYCHOLOGIST	505
PSYCHOLOGY	350
PUBLIC	356
PUCK	472
PUDDING	593
PUDDLE	604
PUGILIST	419
PULL	360
PULPIT	562
PUMMEL	387
PUMP	556
PUNCH	548
PUNISH	344
PUNISHMENT	358
PUNY	327
PUP	544
PUPIL	570
PUPPY	623
PURL	313
PURPOSE	280
PURSE	572
PURSER	479
PUT	287
PUZZLE	449
PYRAMID	615
PYTHON	580
QUACK	459
QUAICH	251
QUAIL	600
QUAKE	440
QUALITY	274
QUANTITY	340
QUARREL	379
QUART	504
QUARTER	509
QUEAN	377
QUEEN	537
QUEST	316
QUESTION	387
QUICK	343
QUICKEN	380
QUICKLY	292
QUICKNESS	288
QUIET	389
QUIETUDE	267
QUILL	595
QUILT	613
QUIRE	233
QUIVER	485
RABBI	572
RABBIT	635
RACE	463
RACK	535
RACKET	562
RACKETEER	533
RACQUET	513
RADIO	615
RAID	407
RAIL	540
RAILROAD	579
RAIN	600
RAISE	340
RAKE	597
RAM	541
RAMP	538
RAMROD	509
RANCH	561
RANCID	342
RANGE	417
RAP	404
RAPE	472
RAPID	415
RARE	327
RARITY	265
RASH	523
RASPBERRY	594
RAT	624
RATAL	279
RATE	308
RATING	309
RATION	390
RATTLE	549
RATTLESNAKE	586
RAW	399
RAY	470
RAZE	336
REACH	368
REACTION	312
READ	420
READING	377
REAL	285
REALITY	296
REALM	303
REAP	373
REAPER	455
REAR	402
REASON	332
REBEC	229
REBEL	439
REBUS	299
RECALL	319
RECEIPT	474
RECEIVER	420
RECEPTACLE	545
RECEPTIVE	323
RECIPROCAL	308
RECITAL	476
RECKONING	237
RECOGNITION	266
RECOLLECTION	295
RECOMMEND	278
RECORD	558
RECREANT	333
RECRUIT	393
RECTANGLE	554
RECTOR	517
RED	501
REDEEMER	366
REDUCTION	313
REED	564
REEL	502
REFEREE	554
REFINED	302
REFINEMENT	272
REFLECTION	339
REFLEX	402
REFORMATION	248
REFRAIN	325
REFRESH	362
REFRIGERATOR	574
REFUSE	426
REGENCY	358
REGION	441
REGISTER	500
REGRET	260
REGULATION	363
REIGN	305
REIN	537
REJOICE	329
RELATION	383
RELAXATION	285
RELIC	528
RELIEF	303
RELIGION	375
RELINQUISH	289
RELUCTANT	263
REMARK	368
REMEDY	368
REMEX	246
REMINDER	363
REMITTANCE	338
REMOVAL	346
RENDEZVOUS	388
RENOUNCE	297
RENT	437
REPAIR	394
REPEAT	331
REPLACEMENT	368
REPLETE	304
REPORT	417
REPRESENTATIVE	434
REPRESS	345
REPRISAL	282
REPROVE	290
REPTILE	578
REPUBLIC	376
REPULSIVE	336
REPUTATION	232
REQUIREMENT	300
RESCUE	373
RESEARCH	366
RESENTMENT	252
RESIDUE	510
RESISTANCE	358
RESOLUTION	265
RESORT	499
RESPECT	280
RESPONSIBILITY	222
RESPONSIVE	306
REST	351
RESTAURANT	583
RESTORE	275
RESULT	318
RESUMPTION	262
RETAILER	521
RETAIN	308
RETARD	345
RETENTION	280
RETREAT	367
REVENGE	305
REVENUE	373
REVIEW	388
REVOLT	400
REVOLUTION	378
REVOLVER	592
REWARD	396
RHAPSODY	414
RHEUMATISM	489
RHOMBUS	419
RHUMB	285
RHYME	434
RIB	599
RIBBON	600
RICE	608
RICH	377
RICK	474
RIDDLE	404
RIDE	424
RIDGE	547
RIDICULE	310
RIFLE	606
RIGHT	361
RIGID	411
RIGIDITY	335
RIM	511
RING	593
RIOT	414
RIPE	360
RISE	368
RISK	290
RITE	381
RITUAL	377
RIVER	585
ROAD	583
ROAR	437
ROBBER	545
ROBBERY	440
ROBIN	637
ROCK	600
ROCKER	583
ROCKET	645
ROD	591
RODE	353
ROE	397
ROGUE	424
ROLE	335
ROLL	457
ROMANCE	313
ROOF	586
ROOM	566
ROOT	558
ROPE	608
ROSARY	535
ROSE	608
ROSEBUD	593
ROSIN	521
ROTATION	366
ROTE	295
ROUGH	452
ROUND	438
ROUTE	440
RUBBER	596
RUBBLE	493
RUBY	594
RUDDER	572
RUFF	358
RUG	611
RUGGED	384
RULE	286
RULER	555
RUM	600
RUMBLE	407
RUMOUR	311
RUNG	532
RUNNING	444
RURAL	358
RUSH	350
RUST	553
RUSTY	506
RYE	600
SABLE	513
SACK	582
SAD	360
SADDLE	603
SAFE	376
SAFETY	323
SAGA	366
SAGACITY	211
SAGE	462
SAID	306
SAIL	567
SAINT	458
SALAD	595
SALARY	456
SALE	364
SALEP	287
SALOL	269
SALOON	575
SALT	594
SALTPETRE	525
SALTY	490
SALUTATION	454
SALUTE	471
SALVATION	269
SALVE	434
SAME	248
SAMPLER	426
SANCTITY	293
SANCTUARY	486
SAND	616
SANDAL	609
SANDY	499
SANE	290
SANITARIUM	565
SANITATION	391
SAP	540
SAPPHIRE	572
SARDINE	606
SASH	540
SATCHEL	593
SATIN	594
SATIRE	287
SATISFACTION	305
SAUCE	576
SAUCER	606
SAUERKRAUT	604
SAVAGE	427
SAVANT	293
SAVE	314
SAVORY	373
SAW	532
SAXOPHONE	624
SCAB	559
SCALE	475
SCAR	552
SCARCE	297
SCARE	380
SCARLET	519
SCAVENGER	486
SCENE	408
SCENT	462
SCHEME	328
SCHOLAR	450
SCHOOL	573
SCHOOLHOUSE	586
SCIENCE	366
SCISSORS	596
SCOOTER	565
SCORN	290
SCORPION	590
SCOTCH	583
SCOUT	562
SCOWL	386
SCRATCH	523
SCREAM	479
SCREWDRIVER	574
SCROLL	593
SCULL	508
SEA	596
SEAL	587
SEAM	538
SEAMAN	563
SEAR	292
SEARCH	371
SEASON	445
SEAT	568
SEAWEED	593
SECOND	344
SECRETARY	576
SECURITY	290
SEDATIVE	459
SEDUCTION	353
SEE	352
SEED	611
SEEK	375
SEEL	417
SEEM	226
SEEN	336
SEER	370
SEGMENT	485
SEINE	351
SELECTION	328
SELF	459
SELL	342
SELLER	444
SELLING	370
SEMEN	550
SEMESTER	389
SEMICIRCLE	444
SEND	324
SENDER	482
SENSATION	265
SENSE	316
SENT	292
SENTIMENT	258
SEPARATION	303
SEQUEL	353
SERF	507
SERGEANT	511
SERIAL	365
SERIES	373
SERVANT	515
SERVICE	364
SESSION	372
SETTLEMENT	437
SETTLER	533
SEVER	404
SEVERANCE	311
SEVERE	286
SEWER	564
SEX	512
SHADOW	457
SHADY	408
SHAKER	472
SHALE	458
SHALLOW	330
SHAME	287
SHAPE	452
SHARK	611
SHAWL	606
SHE	406
SHEAR	456
SHED	611
SHEEP	622
SHEEPSKIN	600
SHEER	397
SHEET	608
SHELL	597
SHEPHERD	598
SHIELD	576
SHILLING	522
SHINY	411
SHIP	615
SHIRT	616
SHIVER	455
SHOCK	395
SHOE	600
SHONE	363
SHOOT	445
SHOP	549
SHOPPER	497
SHORE	574
SHORT	351
SHORTAGE	353
SHOT	467
SHOULD	249
SHOULDER	589
SHOUT	471
SHOVEL	581
SHOW	402
SHOWER	588
SHOWN	315
SHRIEK	481
SHRIMP	629
SHRUB	588
SHRUG	421
SHUTTER	562
SICK	404
SICKNESS	444
SIDE	394
SIEGE	417
SIGH	380
SIGHT	393
SIGIL	287
SIGN	520
SIGNAL	464
SILENCE	352
SILK	538
SILVER	564
SIMILE	395
SIMPER	335
SIMPLE	306
SIN	273
SINCE	247
SINE	319
SING	421
SINGER	553
SINK	590
SIREN	538
SISTER	575
SIT	437
SITE	408
SITUATION	311
SIXPENCE	583
SIZE	354
SKATE	562
SKETCH	535
SKI	590
SKILL	346
SKILLET	579
SKIN	614
SKIRT	614
SKULL	570
SKUNK	648
SKY	542
SKYLARK	614
SKYSCRAPER	618
SLAG	426
SLANG	373
SLAP	511
SLAVE	539
SLAVERY	393
SLAY	411
SLEAVE	421
SLEEP	484
SLEET	538
SLEEVE	587
SLEIGH	613
SLEPT	383
SLICE	443
SLIDE	504
SLIME	545
SLIP	448
SLIPPER	585
SLIT	520
SLOE	300
SLOPE	513
SLOUGH	399
SLOVENLY	311
SLOW	293
SLUGGISH	343
SLUMBER	386
SLUSH	570
SMACK	451
SMALL	402
SMART	304
SMASH	402
SMEAR	355
SMELL	450
SMELT	475
SMILE	514
SMOKE	541
SMOOTH	406
SMOTHER	377
SMUT	449
SNAIL	579
SNAKE	621
SNAP	420
SNEER	371
SNEEZE	563
SNORT	424
SNOW	618
SNUB	280
SO	195
SOAP	598
SOAR	366
SOB	425
SOBRIETY	325
SOCCER	524
SOCIAL	242
SOCIALIST	443
SOCIETY	335
SOCK	581
SOD	569
SODA	600
SODIUM	511
SOFA	629
SOFT	414
SOFTLY	363
SOIL	581
SOLD	310
SOLDIER	578
SOLE	484
SOLEMN	322
SOLEMNITY	289
SOLIDIFY	363
SOLUTION	388
SOME	286
SOMERSAULT	482
SONATA	491
SONG	514
SOON	261
SOOT	563
SOP	373
SOPRANO	497
SORE	502
SORROW	282
SOUL	289
SOUND	502
SOUP	615
SOUR	458
SOUTH	347
SOUTHLAND	373
SOW	504
SPACE	381
SPADE	565
SPAN	352
SPANGLE	371
SPANK	479
SPARE	313
SPARK	526
SPARROW	629
SPASM	439
SPATULA	586
SPEAK	419
SPEAKER	537
SPEAR	584
SPECIALIST	487
SPECIMEN	481
SPECK	484
SPEECH	453
SPELL	376
SPERM	578
SPHERE	489
SPICE	590
SPICY	478
SPIDER	607
SPIKE	572
SPINACH	589
SPIRE	576
SPIRIT	296
SPITE	262
SPLIT	417
SPOKE	526
SPONGE	597
SPOOK	417
SPOOL	565
SPOON	614
SPOT	512
SPOUT	468
SPRAY	514
SPREE	333
SPRING	524
SPRINT	411
SPRUCE	568
SPURT	417
SQUARE	516
SQUEAK	461
SQUIB	402
SQUINT	456
SQUIRE	502
SQUIRREL	612
SQUIRT	453
STABLE	562
STADIUM	569
STAFF	515
STAIN	535
STAIR	558
STAKE	540
STALE	393
STALK	474
STAND	450
STANDARD	324
STANZA	456
STAR	574
STARCH	555
STARE	365
STATE	440
STATEMENT	379
STATION	572
STATUE	600
STAY	329
STEAK	646
STEAL	363
STEAM	552
STEAMER	591
STEEL	586
STEEPLE	561
STEERAGE	416
STEM	556
STEP	508
STEPPE	479
STERN	349
STEW	603
STICK	604
STIFLE	292
STILE	466
STILL	354
STING	509
STINGY	299
STIPEND	396
STOAT	621
STOCKING	551
STOIC	305
STOLE	342
STOMACH	617
STONE	614
STOOL	592
STOP	308
STORE	548
STORK	614
STORM	527
STORY	427
STOUT	413
STOVE	591
STRAIGHT	404
STRAIN	338
STRAND	442
STRANGER	441
STRAW	603
STRAWBERRY	610
STREAMER	518
STREET	579
STRENGTH	339
STRIDE	409
STRING	570
STRIPE	550
STROKE	463
STROP	364
STRUT	429
STUB	542
STUDENT	549
STUMBLE	433
STUMP	540
STUNT	393
STUPID	351
STYLE	344
SUBALTERN	417
SUBJECT	406
SUBMARINE	583
SUBSECTION	368
SUBSTANCE	479
SUBSTITUTE	400
SUBSTRATUM	363
SUBTRACTION	336
SUCCEED	304
SUCCESS	295
SUCCOUR	308
SUCH	248
SUCKER	404
SUDS	554
SUE	432
SUEDE	578
SUFFERANCE	260
SUFFIX	318
SUFFOCATE	391
SUFFRAGE	283
SUGAR	620
SUGGESTION	333
SUIT	545
SUITE	534
SULPHUR	591
SULTAN	563
SUM	379
SUMMER	439
SUN	617
SUNBURN	563
SUNLIGHT	515
SUNSET	525
SUNSHINE	527
SUPERFLUITY	237
SUPPER	563
SUPPLICATION	324
SUPPLY	368
SUPPOSITION	280
SUPPRESSION	289
SURAL	282
SURE	281
SURF	527
SURFACE	447
SURPRISE	326
SURRENDER	356
SURTAX	393
SUSPECT	379
SUSPICION	265
SWAGE	292
SWALLOW	547
SWAMP	570
SWARD	364
SWARM	406
SWAYED	328
SWEAT	569
SWEEP	476
SWEET	463
SWELL	411
SWIFT	338
SWIM	482
SWIMMING	548
SWORD	577
SYCAMORE	606
SYLLABLE	361
SYMBOL	402
SYMBOLISM	273
SYMPATHETIC	320
SYMPATHY	278
SYNAGOGUE	545
SYNOD	399
SYSTEM	356
TABLE	604
TABLESPOON	587
TACET	314
TACK	565
TAIL	613
TAILOR	535
TAKE	332
TALE	352
TALENT	290
TALES	445
TALK	422
TALL	439
TALLY	331
TALUK	257
TAME	335
TANG	478
TANGERINE	645
TANK	581
TAP	538
TAPE	564
TAPER	362
TAPIS	312
TAR	597
TARN	399
TARNISH	443
TASK	409
TASTE	464
TAX	445
TEA	609
TEACH	353
TEACHER	569
TEAM	492
TEAR	504
TECHNICALITY	308
TEEM	340
TEETH	618
TELEGRAPH	547
TELEPHONE	619
TELESCOPE	592
TELL	306
TEMERITY	285
TEMPER	353
TEMPERATURE	472
TEMPEST	460
TEMPLE	565
TEMPT	283
TEMPTATION	265
TENDENCY	243
TENNIS	574
TENSE	365
TENT	608
TENURE	345
TERM	374
TERRITORY	459
TERROR	326
TEST	520
TESTIMONY	381
TEXT	498
THAN	188
THANE	381
THAT	232
THAW	368
THE	237
THEFT	361
THEIR	257
THEM	344
THEME	336
THEN	190
THEOLOGIAN	475
THEORETICAL	264
THEORY	287
THERE	216
THEREFORE	199
THERMOMETER	612
THESE	260
THEY	316
THICK	386
THICKET	571
THIEF	519
THIMBLE	529
THIN	392
THING	350
THINK	346
THINKER	403
THIRSTY	451
THIS	240
THISTLE	611
THONG	543
THORN	586
THOSE	254
THOUGHT	274
THOUGHTFUL	313
THREAD	607
THREAT	335
THREE	439
THREW	333
THRIFTY	297
THRILL	320
THROAT	578
THROE	240
THRONG	400
THROUGH	274
THROW	400
THUD	423
THUMB	638
THUNDER	547
THUS	197
THWART	340
THYME	587
TICKET	590
TICKLE	473
TIDBIT	489
TIDE	516
TIDY	311
TIE	568
TIGER	611
TIGHT	425
TILL	365
TIMBER	578
TIME	343
TIMEPIECE	577
TIN	593
TING	350
TIP	459
TIRE	563
TITLE	384
TO	199
TOAD	568
TOAST	582
TOASTER	579
TOBACCO	609
TOE	607
TOIL	386
TOILET	586
TOKEN	467
TOLD	318
TOLERANT	265
TOLL	424
TOMAHAWK	586
TOMATO	662
TOMB	573
TON	473
TONGUE	634
TOO	208
TOOL	570
TOOTH	619
TOP	435
TOPIC	366
TORMENT	288
TORNADO	644
TORTOISE	602
TORTURE	437
TOUCH	417
TOUGH	404
TOURIST	533
TOW	409
TOWER	585
TOWN	556
TOY	567
TRACE	371
TRACK	547
TRACTION	406
TRACTOR	590
TRADITION	291
TRAGEDY	331
TRAIL	511
TRAILER	597
TRAIN	592
TRAITOR	467
TRANCE	368
TRANQUIL	334
TRANSFER	331
TRANSFORMER	517
TRANSLATION	366
TRANSPORTATION	403
TRAPEZE	609
TRAPEZOID	494
TRASH	588
TRAVEL	402
TRAVELLER	492
TRAWL	445
TRAY	590
TREASURER	557
TREAT	399
TREATMENT	343
TREATY	361
TREE	604
TRELLIS	574
TREMOR	487
TREND	328
TREY	389
TRIAL	446
TRIANGLE	523
TRIBE	504
TRIBUTE	339
TRICK	391
TRIM	388
TRIP	448
TRIPOD	577
TRIUMPH	332
TROLLEY	579
TROMBONE	606
TROOP	509
TROUBLE	310
TROUPE	479
TROUT	617
TRUCE	335
TRUCK	595
TRUE	269
TRUISM	276
TRUMPET	608
TRUNK	596
TRUST	300
TRUTH	261
TRY	260
TUBE	581
TUBERCULOSIS	519
TUCK	437
TUFF	352
TULIP	619
TUMBLE	433
TUN	211
TUNE	464
TUNIC	563
TUNNEL	555
TURN	359
TURNER	462
TURPENTINE	604
TURTLE	644
TUSH	287
TUSK	580
TWANG	371
TWEED	570
TWEEZER	540
TWEEZERS	590
TWIG	559
TWILIGHT	467
TWIST	423
TWO	383
TYPE	376
TYPEWRITER	611
TYPHOON	542
TYPICAL	268
TYRANNY	302
TYRANT	467
UGLY	377
ULCER	558
UMBRELLA	606
UMPIRE	581
UNANIMITY	250
UNBELIEF	260
UNBELIEVER	379
UNCERTAINTY	237
UNCLE	580
UNCONCERN	252
UNCTION	308
UNDER	319
UNDERBRUSH	470
UNDERGRADUATE	500
UNDERSTANDING	269
UNDERTAKING	300
UNDERWORLD	425
UNDOING	257
UNDULATION	368
UNEASINESS	229
UNHAPPINESS	234
UNIFICATION	266
UNIFORM	550
UNION	449
UNIQUE	300
UNIT	389
UNITE	309
UNIVERSAL	339
UNIVERSITY	533
UNJUST	244
UNLEARN	222
UNKNOWN	222
UNLIMITED	263
UNPLEASANTNESS	265
UNREALITY	203
UNREST	324
UNSUCCESSFUL	339
UP	400
UPHEAVAL	320
UPHOLSTERY	570
UPKEEP	299
UPON	311
UPRIGHT	348
UPSET	282
URBAN	420
URCHIN	568
URN	551
US	397
USED	315
USUAL	235
USURP	260
USURY	300
UTENSIL	567
UTTER	365
UTTERANCE	358
VACANT	318
VACATE	351
VACATION	414
VACCINATION	509
VACUUM	389
VAGUE	272
VAIN	315
VALE	467
VALLEY	575
VALOR	312
VALUE	260
VAN	606
VANE	400
VANITY	250
VAPOUR	499
VARIETY	297
VARY	258
VASE	595
VAULT	550
VEAL	528
VEGETABLE	602
VEHICLE	558
VEIL	560
VEIN	553
VELOCITY	352
VELVET	580
VELVETEEN	550
VENOM	476
VENTURE	295
VERB	337
VERITY	270
VERSE	500
VERTICAL	400
VERY	223
VESSEL	571
VEST	575
VESTIBULE	577
VESTMENT	404
VET	485
VETO	326
VIAL	485
VICE	399
VICTIM	467
VICTORY	376
VIEW	379
VIGIL	353
VIGILANCE	305
VILE	379
VILLAGE	576
VINE	601
VINEGAR	645
VIOLATION	326
VIOLET	541
VIOLIN	626
VIRTUE	243
VISE	402
VISION	395
VISITOR	482
VITRIOL	472
VOCATION	349
VODKA	576
VOICE	485
VOLCANO	591
VOLT	489
VOLUME	418
VOLUNTARY	309
VOTE	389
VOTER	548
VOW	329
VULGAR	359
WAD	479
WAFER	536
WAGE	451
WAIL	439
WAIST	563
WAIT	317
WAIVE	337
WALK	452
WALKING	497
WALL	589
WALLET	584
WALNUT	642
WALRUS	629
WALTZ	476
WAMPUM	440
WAMUS	276
WAND	570
WANDER	320
WANT	302
WAR	477
WARBLER	570
WARE	368
WAREHOUSE	578
WARMTH	397
WARN	315
WARRIOR	525
WARY	313
WAS	194
WASH	447
WASTE	430
WATCH	487
WATER	616
WATT	350
WAVE	492
WAX	569
WAY	265
WE	270
WEAK	351
WEAKNESS	257
WEALTH	370
WEAPON	560
WEAR	360
WEATHER	439
WEB	561
WEDDING	509
WEED	600
WEEK	383
WEEP	439
WEIGH	363
WEIGHT	462
WEIRD	253
WELCOME	350
WELFARE	309
WELL	467
WELT	458
WENCH	542
WEPT	240
WENT	240
WERE	200
WEST	355
WET	478
WHACK	409
WHALE	610
WHALEBONE	567
WHARF	573
WHAT	293
WHEAT	594
WHEEL	573
WHEN	219
WHERE	256
WHERRY	378
WHICH	215
WHIFF	413
WHILE	204
WHIP	570
WHIRL	402
WHISKER	560
WHISKEY	604
WHISPER	490
WHISTLE	579
WHITE	472
WHITENESS	384
WHO	234
WHOLE	324
WHOLESALER	539
WHOM	243
WHOOP	383
WHY	267
WICK	599
WICKET	516
WIDE	348
WIDOW	547
WIFE	562
WIG	618
WIGGLE	409
WIGWAM	583
WILD	381
WILDERNESS	512
WILL	275
WILLOW	589
WIN	364
WIND	552
WINDOW	609
WINE	621
WING	595
WINK	515
WINTER	499
WIRE	585
WISDOM	275
WISE	268
WISH	270
WITAN	267
WITCH	522
WITH	268
WITHER	384
WITHOUT	267
WITNESS	459
WIZARD	473
WOE	252
WOLF	595
WOMAN	580
WOMB	538
WON	324
WONDER	305
WOOD	606
WOODLAND	585
WOOL	608
WORK	402
WORKER	532
WORKHOUSE	549
WORKING	383
WORLD	532
WORM	611
WORN	357
WORSE	279
WORTH	257
WOULD	202
WOUND	561
WRACK	354
WRAP	457
WRATH	304
WRECK	505
WREN	629
WREST	337
WRITE	446
WRITING	467
WRONG	303
WROTE	385
WRUNG	361
YACHT	606
YARD	553
YAWN	502
YEAR	364
YELL	439
YELLOW	537
YELP	402
YET	249
YEW	598
YOKE	542
YOLK	593
YONDER	329
YORE	267
YOU	370
YOUNGER	322
YOUR	256
YOUTH	439
YUCCA	316
ZEAL	304
ZENITH	430
ZERO	341
ZIPPER	599
ZONE	392
ZOO	583
ZOOLOGIST	525
ZOOLOGY	356
