A	217
ABANDON	395
ABANDONMENT	348
ABASEMENT	262
ABATEMENT	189
ABBESS	318
ABDICATION	326
ABDOMEN	548
ABDUCTION	463
ABERRATION	285
ABHOR	335
ABILITY	327
ABLE	284
ABODE	458
ABOMINABLE	387
ABORIGINAL	389
ABOUT	225
ABOVE	346
ABRIDGEMENT	240
ABRUPT	362
ABSCESS	491
ABSOLUTE	268
ABSOLUTION	256
ABSTRUSE	225
ABUNDANCE	386
ABUNDANT	443
ABYSS	453
ACADEMY	504
ACCELERATION	486
ACCEPTABLE	288
ACCIDENT	518
ACCOMMODATION	466
ACCOMPLICE	391
ACCORD	248
ACCORDANCE	237
ACCORDION	576
ACCOUNT	361
ACCUMULATION	354
ACCURATE	305
ACCUSER	343
ACHE	443
ACIDITY	432
ACKNOWLEDGE	316
ACRE	464
ACROBAT	583
ACT	433
ACTIVE	436
ACTUAL	259
ACTUALITY	213
ACUMEN	229
ADAGE	324
ADAM	488
ADDER	583
ADDITION	347
ADDITIONAL	303
ADEQUATE	268
ADHERENCE	326
ADJECTIVE	394
ADJOURNMENT	305
ADMINISTRATION	413
ADMIRAL	543
ADMIRE	390
ADMISSION	389
ADMONISH	302
ADOLESCENCE	467
ADORN	370
ADULT	526
ADULTERY	494
ADVANCED	320
ADVANTAGE	292
ADVENTURER	497
ADVERB	315
ADVERSITY	326
ADVICE	352
ADZE	256
AERIAL	567
AFFABLE	315
AFFAIR	361
AFFECTION	484
AFFECTIONATE	471
AFFIRM	281
AFFIRMATION	313
AFFRIGHT	232
AFRAID	451
AFTER	217
AFTERNOON	513
AGAINST	285
AGE	468
AGENCY	366
AGGRESS	270
AGGRESSIVE	417
AGGRESSOR	383
AGILE	454
AGILITY	464
AGONY	491
AGREEMENT	367
AGUE	224
AH	330
AID	413
AIL	391
AIM	383
AIR	450
AIRSHIP	545
AIRY	368
AISLE	528
ALACRITY	189
ALBATROSS	583
ALBUMIN	352
ALCHEMIST	394
ALCOHOL	598
ALE	526
ALERT	428
ALGAE	424
ALGEBRA	510
ALIAS	294
ALIEN	470
ALIMONY	456
ALIVE	426
ALKALI	432
ALL	332
ALLEGATION	291
ALLEGE	281
ALLEGORY	244
ALLEY	572
ALLIGATOR	627
ALLOTMENT	470
ALLOW	373
ALLY	453
ALONE	480
ALPHABET	499
ALSO	264
ALTER	413
ALTERNATIVE	268
ALTHOUGH	208
ALTITUDE	472
ALUMINIUM	505
ALUMINUM	501
ALWAYS	280
AM	247
AMATEUR	397
AMAZEMENT	456
AMBASSADOR	545
AMBITION	346
AMBITIOUS	404
AMBULANCE	627
AMENDMENT	305
AMETHYST	510
AMITY	205
AMMONIA	536
AMOUNT	316
AMOUR	536
AMPERE	304
AMPLIFIER	559
AMPLITUDE	389
AMUSE	455
AN	195
ANALOGY	267
ANALYTIC	303
ANCHOR	561
ANCIENT	451
AND	226
ANECDOTE	357
ANELE	204
ANGEL	554
ANGER	488
ANGLE	503
ANGRY	492
ANIMAL	575
ANIMOSITY	388
ANKLE	613
ANNEAL	219
ANNEX	435
ANNOUNCEMENT	381
ANNUAL	339
ANSWER	368
ANT	613
ANTAGONISM	378
ANTEROOM	375
ANTICIPATION	435
ANTIQUE	549
ANTITOXIN	388
ANXIETY	422
ANXIOUS	376
ANY	206
ANYBODY	329
ANYONE	288
APART	364
APARTMENT	556
APATHY	376
APE	616
APERTURE	424
APEX	375
APOLOGY	400
APPARENT	266
APPEAL	402
APPEAR	341
APPEARANCE	425
APPLE	637
APPLIANCE	554
APPOINTMENT	386
APPRAISE	306
APPRECIATE	300
APPROACH	329
APPROVAL	375
APRICOT	591
APRON	565
APT	295
APTITUDE	310
ARBITER	257
ARBITRARY	276
ARBOR	374
ARC	494
ARCH	557
ARCHERY	550
ARDENT	347
ARE	262
AREA	394
ARGUE	412
ARID	433
ARISE	354
ARISTOCRACY	470
ARK	517
ARM	593
ARMADILLO	401
ARMOR	503
ARMOUR	536
ARMY	578
AROMATIC	443
ARRANGEMENT	316
ARRAY	365
ARRIVAL	419
ARROGANT	402
ARROW	619
ART	493
ARTICLE	421
ARTIFICE	240
ARTIFICIAL	386
ARTIST	600
ARTISTIC	441
AS	224
ASBESTOS	513
ASH	553
ASHAMED	397
ASHEN	395
ASPARAGUS	590
ASPECT	233
ASPHALT	569
ASPIRIN	542
ASSAULT	481
ASSEMBLE	413
ASSENT	345
ASSIST	368
ASSISTANCE	348
ASSORTMENT	367
ASSUMPTION	257
ASTER	224
ASTROLABE	150
ASTRONOMY	483
ASTUTE	261
AT	225
ATE	364
ATHLETE	591
ATHLETICS	551
ATMOSPHERE	444
ATOM	499
ATROCITY	404
ATTACK	501
ATTEMPT	302
ATTEND	386
ATTENDANT	499
ATTENTIVE	352
ATTITUDE	321
ATTRIBUTE	295
AUDIENCE	555
AUDIT	253
AUDITION	395
AUDITORIUM	573
AUNT	567
AURAL	253
AURORA	345
AUTHENTIC	428
AUTHOR	460
AUTHORITATIVE	356
AUTOMOBILE	628
AUTUMN	622
AVAILABLE	285
AVALANCHE	596
AVENUE	564
AVERAGE	297
AVIATOR	445
AVID	325
AVOWAL	208
AWAIT	293
AWARE	298
AWAY	272
AWEIGH	213
AWKWARD	419
AWL	292
AXE	597
AXIL	389
AXIOM	311
AXLE	560
AYE	255
BABE	562
BABY	608
BACK	483
BACKGROUND	427
BACTERIA	505
BAD	388
BADGE	519
BAG	570
BAGPIPE	594
BAIL	480
BAKE	495
BALANCE	429
BALE	473
BALL	622
BALLOON	583
BALLOT	437
BANALITY	255
BANANA	644
BAND	579
BANDAGE	554
BANDIT	562
BANG	470
BANK	560
BANKER	565
BANNER	569
BAR	596
BARB	448
BARD	406
BARE	487
BARGAIN	505
BARK	539
BARN	589
BARNACLE	458
BARON	498
BARREL	602
BASE	436
BASEMENT	571
BASHFUL	400
BASIC	271
BASIN	542
BASKET	560
BASS	544
BAT	586
BATH	601
BATON	516
BATTLE	597
BAWL	417
BAY	570
BAYONET	548
BE	274
BEACH	667
BEAK	574
BEAM	539
BEAN	538
BEAR	572
BEARD	630
BEAST	558
BEAT	406
BEAU	394
BEAUTIFUL	532
BEAUTY	513
BEAVER	612
BECAME	262
BECAUSE	244
BECOME	259
BED	635
BEDEL	177
BEDROOM	629
BEE	623
BEECH	435
BEEF	625
BEEHIVE	572
BEEN	222
BEER	598
BEET	555
BEETLE	640
BEFORE	255
BEG	431
BEGAN	251
BEGGAR	593
BEGINNING	359
BEHAVIOUR	351
BEHIND	371
BEING	323
BELFRY	453
BELIEF	328
BELL	610
BELLE	401
BELLIGERENT	344
BELLY	576
BELOVED	456
BELOW	317
BELT	494
BENCH	555
BEND	460
BENEFACTOR	345
BENEFICIAL	362
BENEFIT	445
BENZENE	418
BEQUEST	294
BEREAVEMENT	409
BERET	517
BERRY	551
BERTH	402
BESIEGER	335
BEST	324
BET	453
BETEL	238
BETRAYAL	358
BETTER	274
BETTERMENT	310
BEVERAGE	565
BEWILDERMENT	407
BHANG	217
BIB	488
BIBLE	594
BID	394
BIER	294
BIG	463
BILIOUS	293
BILL	535
BILLED	355
BIN	562
BIOLOGY	441
BIRCH	561
BIRD	614
BIRTH	532
BISCUIT	571
BISHOP	524
BISON	541
BIT	432
BITE	553
BITTER	457
BITTERNESS	378
BIVOUAC	370
BLACK	589
BLACKSMITH	575
BLADE	568
BLAME	356
BLAND	348
BLANKET	582
BLASPHEMY	355
BLEACH	510
BLEAK	435
BLESSING	422
BLEW	404
BLIND	485
BLINK	471
BLISTER	616
BLOCK	483
BLONDE	608
BLOOD	620
BLOOM	524
BLOSSOM	618
BLOUSE	595
BLOW	458
BLUE	569
BLUEBELL	605
BLUNDER	432
BLUNDERBUSS	358
BLUNT	404
BLUSH	551
BOAR	524
BOARD	592
BOAST	416
BOAT	631
BOATING	533
BOATSWAIN	343
BODY	614
BOIL	533
BOISTEROUS	404
BOLE	213
BOLL	270
BOLT	551
BOMB	606
BOND	380
BONE	567
BONUS	397
BOOK	591
BOOT	604
BOOTH	486
BORDER	453
BORE	404
BOREDOM	406
BORING	390
BORN	435
BORNE	346
BOSOM	593
BOSS	554
BOTANY	410
BOTH	298
BOTHER	369
BOTTLE	619
BOTTOM	436
BOULDER	614
BOUNDARY	435
BOUQUET	599
BOURBON	606
BOW	546
BOWL	579
BOX	591
BOY	618
BRA	624
BRACELET	606
BRAIN	572
BRAKE	511
BRAMBLE	377
BRANCH	548
BRANDY	590
BRASS	524
BRASSIERE	635
BRAT	536
BRAVE	427
BRAVERY	450
BRAWL	485
BREAD	619
BREAK	398
BREAKFAST	586
BREAST	597
BREATH	480
BRED	387
BREEZE	560
BRIBE	425
BRICK	574
BRIDGE	608
BRIEF	344
BRIGAND	332
BRIGHT	489
BRILLIANT	482
BRIM	510
BRISKET	370
BRISTLE	562
BROAD	463
BROCADE	416
BROIL	515
BROKE	485
BROKEN	469
BRONZE	588
BROOK	597
BROOM	608
BROTHER	589
BROWNIE	553
BRUSH	570
BRUT	392
BRUTAL	427
BRUTALITY	489
BRUTE	481
BUBAL	233
BUBBLE	604
BUCKET	586
BUCKLE	587
BUD	508
BUDGET	394
BUFFER	459
BUFFOON	393
BUILD	399
BUILDER	551
BUILDING	578
BULKY	458
BULLDOG	583
BULLET	611
BUMP	476
BUNCH	486
BUNGALOW	543
BUNNY	585
BUOYANT	426
BURDEN	499
BUREAU	497
BURGHER	317
BURIAL	544
BURLAP	488
BURN	541
BURNER	488
BURRO	638
BURROW	444
BURY	401
BUSH	549
BUSINESS	441
BUSY	403
BUSYBODY	510
BUT	206
BUTCHER	596
BUTLER	543
BUTTER	603
BUTTERFLY	624
BUTTON	580
BUTYL	269
BUY	397
BUYER	463
BY	229
BYRE	231
CABBAGE	573
CABIN	582
CABINET	524
CABLE	469
CACHE	303
CAFE	625
CAGE	585
CAKE	624
CALCULUS	435
CALF	565
CALIX	248
CALL	424
CALM	439
CALMNESS	437
CAME	288
CAMEL	561
CAMERA	576
CAMOUFLAGE	513
CAMP	588
CAN	369
CANAL	588
CANARY	533
CANCER	567
CANDID	337
CANDIDATE	452
CANDLE	594
CANDLELIGHT	599
CANDY	601
CANE	608
CANNON	588
CANOE	602
CANON	493
CANTEEN	540
CAPABLE	315
CAPACITY	373
CAPE	566
CAPITAL	518
CAPITOL	545
CAPITULATE	262
CAPSULE	594
CAPTAIN	497
CAPTIVE	518
CAR	638
CARAT	345
CARAVAN	562
CARBOHYDRATE	461
CARBON	445
CARD	578
CARDINAL	531
CARE	383
CAREER	418
CAREFREE	446
CAREFUL	346
CARELESS	361
CARGO	497
CARNAGE	351
CARNATION	611
CAROL	499
CARP	539
CARPET	538
CARRIAGE	529
CARROT	577
CARRY	393
CART	597
CARTILAGE	421
CASE	517
CASEMENT	468
CASH	588
CASKET	588
CASQUE	280
CAST	483
CASTE	423
CASTOR	429
CAT	617
CATASTROPHE	435
CATERPILLAR	626
CATFISH	544
CATHEDRAL	599
CATTLE	619
CAUCUS	366
CAUGHT	401
CAUL	188
CAULIFLOWER	567
CAUSALITY	334
CAUSE	282
CAUSTIC	317
CAUTIOUS	363
CAVE	601
CAVERN	548
CEDAR	516
CEDE	240
CEILING	557
CELL	590
CELLAR	572
CEMENT	578
CENT	518
CENTENNIAL	421
CENTER	459
CENTURY	395
CEREAL	576
CEREBRUM	518
CEREMONY	523
CERTIFICATE	529
CHAIN	559
CHAIR	610
CHALK	601
CHALLENGE	402
CHAMOIS	464
CHAMPION	508
CHANCE	354
CHANNEL	508
CHAOS	464
CHAOTIC	434
CHAPEL	560
CHARACTER	372
CHARITY	445
CHARLATAN	350
CHARM	455
CHARMING	461
CHART	531
CHARTER	406
CHASM	456
CHASSIS	386
CHATTERBOX	516
CHEAT	457
CHEEK	561
CHEERED	424
CHEERFUL	475
CHEERY	449
CHEESE	592
CHEMISTRY	458
CHERRY	582
CHEST	556
CHESTNUT	602
CHEW	527
CHIC	437
CHICKEN	619
CHIEF	545
CHILD	619
CHILDHOOD	489
CHILDISH	417
CHILDREN	597
CHILLY	460
CHIN	608
CHINA	597
CHINCHILLA	530
CHINK	429
CHIPMUNK	609
CHISEL	567
CHLORIDE	435
CHLORINE	480
CHOCOLATE	611
CHOIR	567
CHOOSE	299
CHOP	575
CHORAL	490
CHORUS	509
CHOW	326
CHRISTMAS	629
CHROME	491
CHRONOLOGY	291
CHUCKLE	497
CHURCH	616
CHUTE	467
CIDER	626
CIGAR	619
CIGARETTE	645
CINDER	519
CINNAMON	571
CINQUE	239
CIRCLE	591
CIRCUIT	472
CIRCULAR	543
CIRCUMSTANCE	210
CIRCUS	586
CITATION	386
CITE	331
CITIZEN	445
CITY	605
CIVIL	317
CIVILIZATION	437
CLAIM	321
CLAM	541
CLAMMY	466
CLAMOR	406
CLAMOUR	362
CLANG	445
CLARINET	593
CLASH	456
CLASP	456
CLAW	600
CLAY	575
CLEAN	454
CLEANNESS	479
CLEAR	456
CLEARANCE	319
CLEAT	481
CLEAVER	478
CLEMENCY	334
CLEVER	378
CLIENT	443
CLIFF	599
CLINCH	423
CLINK	472
CLOAK	518
CLOCK	614
CLOSE	420
CLOSER	393
CLOSET	525
CLOTH	547
CLOTHES	629
CLOTHING	588
CLOUD	595
CLOVE	446
CLOVER	606
CLOWN	589
CLUB	522
CLUE	375
CLUMSY	436
CLUNG	354
COACH	560
COAL	581
COARSE	494
COAST	588
COAT	572
COCK	586
COCKPIT	594
COCKTAIL	604
CODE	460
COFFEE	618
COFFER	302
COFFIN	606
COGNITION	321
COIF	202
COIL	492
COIN	603
COKE	623
COLD	531
COLLAR	582
COLLECTION	419
COLLEGE	590
COLLEGIATE	216
COLOGNE	586
COLONEL	552
COLONY	481
COLOR	513
COLOURATION	435
COLUMN	491
COMBINATION	326
COMBINE	359
COMBUSTION	505
COME	322
COMEDY	489
COMES	283
COMESTIBLE	183
COMET	521
COMFORT	421
COMFORTABLE	434
COMFORTER	499
COMMAND	366
COMMANDER	478
COMMENCEMENT	291
COMMERCIAL	460
COMMITTEE	481
COMMODE	447
COMMON	276
COMMUNICATION	391
COMMUNITY	416
COMPACT	462
COMPANY	426
COMPARISON	336
COMPATRIOT	405
COMPETENCE	339
COMPETENT	295
COMPETITION	443
COMPLACENT	365
COMPLETE	341
COMPLICATION	289
COMPLIMENT	406
COMPOSER	467
COMPOSURE	361
COMPREHENSIVE	278
COMPRESSION	375
COMPUTATION	329
COMRADE	515
COMRADESHIP	450
CONCAVE	480
CONCEITED	410
CONCEPT	258
CONCERN	353
CONCERT	578
CONCLUSION	345
CONCRETE	564
CONCURRENCE	256
CONDEMN	349
CONDESCENSION	295
CONDITION	297
CONE	559
CONFERENCE	465
CONFIDENCE	371
CONFIDENT	390
CONFISCATE	393
CONFLICT	432
CONFUSION	437
CONGENIAL	352
CONGRESS	356
CONJUGATION	272
CONJUNCTION	361
CONNOISSEUR	513
CONQUEST	422
CONSCIENCE	386
CONSCIENTIOUS	354
CONSCIOUS	354
CONSEQUENCE	299
CONSERVATION	391
CONSERVATIVE	373
CONSIDER	264
CONSIDERABLE	297
CONSIDERATION	318
CONSIST	249
CONSISTENT	298
CONSOLATION	335
CONSPIRATOR	386
CONSTANT	290
CONSTITUTION	395
CONSTRUCTION	410
CONSUMMATION	324
CONTACT	449
CONTAMINATION	456
CONTENT	391
CONTENTS	386
CONTEXT	274
CONTINENT	478
CONTINUATION	321
CONTINUED	281
CONTRACT	457
CONTRACTION	397
CONTRADICTORY	285
CONTRIBUTION	394
CONTROL	347
CONVENT	559
CONVENTION	502
CONVEYANCE	397
CONVOCATION	151
COOK	504
COOKIE	600
COOL	429
COOLNESS	462
COPE	344
COPIOUS	304
COPPER	548
CORAL	561
CORD	549
CORE	497
CORK	631
CORKSCREW	580
CORN	601
CORNER	556
CORNET	436
CORNICE	302
CORPORATION	337
CORPS	408
CORPSE	614
CORRESPONDENT	424
CORRIDOR	553
CORSE	183
COST	401
COSTUME	538
COTTAGE	607
COTTON	562
COUCH	536
COULD	210
COULOMB	257
COUNCIL	405
COUNT	459
COUNTERPANE	418
COUNTRY	539
COURAGE	440
COURSE	391
COURT	552
COURTEOUS	387
COURTSHIP	520
COUSIN	478
COVER	443
COW	632
COWARDICE	344
COWARDLY	378
COWHIDE	528
COWL	337
CRAB	589
CRADLE	592
CRAFT	429
CRAG	479
CRANBERRY	649
CRANE	562
CRANIUM	460
CRANK	524
CRAVEN	262
CRAWL	488
CREAM	557
CREATIVE	404
CREATOR	409
CREATURE	492
CREEPER	526
CREW	486
CRIME	471
CRISIS	375
CRITERION	250
CRITICAL	305
CRITICISM	333
CROAK	445
CROCK	351
CROCODILE	601
CROOK	526
CROOKED	487
CROQUET	539
CROSS	501
CROW	578
CROWD	548
CROWN	602
CRUCIFIX	576
CRUEL	422
CRUISER	553
CRUMB	497
CRUSH	480
CRY	478
CRYPT	553
CRYSTAL	579
CUBE	575
CUCUMBER	623
CUE	448
CUISINE	541
CULT	386
CULTURE	339
CUNNING	380
CUP	558
CURB	556
CURE	397
CURFEW	471
CURIOSITY	394
CURLER	521
CURRENT	497
CURSE	415
CURVE	520
CUSTARD	515
CUSTOM	364
CUSTOMARY	290
CUSTOMER	488
CUT	460
CUTTLE	213
CYLIX	204
CYMBAL	494
CYNIC	377
CYNICAL	380
CYST	510
DAD	626
DAFFODIL	611
DAGGER	581
DAIRY	537
DAIS	276
DAISY	573
DALLIANCE	297
DAMAGE	443
DAMAN	190
DAME	530
DAMSEL	551
DANCE	510
DANCER	551
DANCING	538
DANDELION	579
DANDRUFF	554
DANGER	505
DARE	373
DARK	586
DARKNESS	622
DART	597
DATE	501
DAWN	586
DAY	526
DAYBREAK	608
DAYLIGHT	575
DEAD	520
DEAL	383
DEAR	374
DEATH	498
DEBACLE	284
DEBATE	397
DEBONAIR	417
DEBT	384
DEBUT	316
DECAY	450
DECEIT	338
DECISION	340
DECK	539
DECOMPOSITION	448
DECORATE	508
DECORATED	439
DECORATION	526
DECOY	453
DECREE	341
DEDUCTION	316
DEED	390
DEEP	498
DEER	624
DEFACE	425
DEFEAT	402
DEFENCE	413
DEFIANCE	383
DEFIANT	407
DEFICIENT	358
DEFINITION	224
DEGRADED	325
DEGREE	521
DEITY	299
DELEGATION	356
DELIBERATE	341
DELICATE	378
DELIGHT	459
DELIRIUM	481
DELIVER	388
DELL	397
DELTA	499
DELUGE	464
DEMEANOUR	235
DEMOCRACY	364
DEMOLISH	497
DEMON	474
DEMONSTRATION	486
DENIAL	364
DENSE	461
DENT	486
DENTIST	622
DEPARTMENT	426
DEPENDABLE	352
DEPICT	316
DEPOSIT	413
DEPRESSED	436
DEPRESSION	453
DEPUTY	435
DERAY	261
DERBY	495
DERELICT	466
DERIVATION	267
DESCRIBE	315
DESCRIPTION	326
DESIGN	407
DESIRE	368
DESK	574
DESOLATE	435
DESPAIR	388
DESPERATION	389
DESPISE	450
DESPOT	297
DESTROY	444
DESTROYER	508
DESTRUCTION	505
DESTRUCTIVE	426
DETECTIVE	524
DETERMINATION	386
DETERMINE	295
DETESTATION	318
DETONATION	443
DEVELOP	295
DEVELOPMENT	356
DEVICE	391
DEVIL	546
DEVOTION	411
DEW	559
DEXTERITY	316
DIADEM	281
DIAL	541
DIAMOND	623
DICTATION	432
DID	329
DIE	499
DIET	486
DIFFERENCE	293
DIFFERENT	329
DIFFUSION	376
DIGNIFIED	385
DIGNITY	413
DILIGENT	402
DIM	450
DIME	590
DIMENSION	355
DIMPLE	518
DINER	497
DINNER	570
DIP	456
DIRECTION	399
DIRGE	262
DIRT	547
DIRTY	485
DISAGREEMENT	362
DISAPPOINT	351
DISAPPOINTED	384
DISASTER	505
DISAVOW	262
DISC	575
DISCHARGE	426
DISCIPLINE	386
DISCLOSURE	277
DISCOLOR	428
DISCOLOURATION	370
DISCONNECTION	372
DISCORD	343
DISCOVERY	401
DISCRETION	285
DISCRIMINATING	337
DISCUSSION	381
DISEASE	487
DISGRACE	386
DISHONESTY	362
DISINFECTANT	529
DISLOCATION	418
DISMAL	380
DISMISSAL	362
DISOBEDIENT	393
DISPARAGEMENT	194
DISPARITY	318
DISPLAY	453
DISPOSITION	336
DISPUTE	421
DISQUIET	305
DISRUPTIVE	367
DISSECTION	562
DISTANCE	432
DISTINCT	364
DISTINCTION	314
DISTORTION	428
DISTRACTION	359
DISTRESS	443
DISTURBER	427
DITCH	558
DIVE	586
DIVERSITY	302
DIVIDEND	313
DIVING	598
DIVISION	404
DO	247
DOCILE	384
DOCK	559
DOCTOR	600
DOE	532
DOES	210
DOG	636
DOGMA	327
DOGMATIC	300
DOLL	565
DOLLAR	611
DOLT	259
DOME	557
DOMICILE	435
DOMINATION	421
DONE	346
DONOR	406
DOOR	599
DOORWAY	548
DORMITORY	575
DOT	556
DOTAGE	273
DOUGH	558
DOUGHNUT	599
DOVE	616
DOWAGER	316
DOWN	459
DOWNCAST	376
DOWRY	422
DOZEN	525
DRAB	340
DRAIN	540
DRAMA	482
DRAPE	464
DRAW	435
DREAD	378
DREAM	485
DREAMER	507
DREARY	463
DRESS	595
DRESSER	556
DRILL	571
DRINK	553
DRIVER	567
DRIZZLE	582
DROP	417
DROPPER	433
DROVE	353
DRUG	564
DRUM	599
DRUNKARD	527
DRY	429
DRYAD	251
DUAL	426
DUCHESS	525
DUCK	632
DUEL	494
DUKE	480
DULL	373
DULLNESS	383
DUMB	397
DUMMY	562
DUMP	528
DUNGEON	579
DUNGHILL	475
DUSK	575
DUST	549
DUSTY	506
DUTY	346
DWELLER	448
DWELLING	534
DYE	506
DYNAMIC	387
DYNASTY	386
EACH	320
EAGER	401
EAGLE	601
EAR	597
EARL	435
EARLY	376
EARN	437
EARTH	580
EARTHWORM	569
EASE	327
EASEL	532
EAST	497
EASY	321
EASYGOING	402
EAT	563
EATING	536
EAVES	491
ECCENTRIC	380
ECCENTRICITY	401
ECHO	556
ECONOMY	357
EDGE	495
EDICT	297
EDIFICE	474
EDITION	373
EDUCATION	416
EDUCATOR	370
EEL	552
EERIE	423
EFFECT	280
EFFICIENT	334
EFFORT	367
EGG	599
EGO	334
EGOTISTICAL	380
EGRESS	251
EIGHT	501
ELABORATION	325
ELBOW	602
ELECTION	435
ELECTRICITY	486
ELEGANT	408
ELEPHANT	616
ELF	543
ELIMINATION	375
ELM	550
ELOPEMENT	453
ELSE	208
EMANATION	270
EMANCIPATION	364
EMBELLISHMENT	275
EMBEZZLEMENT	355
EMBRACE	597
EMERALD	602
EMERGENCE	387
EMERGENCY	487
EMISSION	416
EMOTION	478
EMOTIONAL	453
EMPEROR	502
EMPHATIC	307
EMPIRE	470
EMPLOYMENT	435
EMPORIUM	336
EMPTY	479
EMULSION	451
ENAMEL	451
ENCEPHALON	277
ENCHANTER	378
ENCORE	419
ENCOUNTER	370
END	462
ENDEAVOUR	310
ENDOSPERM	324
ENEMY	497
ENERGETIC	422
ENGAGEMENT	474
ENGINE	595
ENGINEER	495
ENIGMA	259
ENLIGHTENMENT	335
ENOUGH	345
ENSEMBLE	419
ENTERING	390
ENTERPRISE	319
ENTERPRISING	307
ENTERTAIN	435
ENTHUSIASM	464
ENTHUSIASTIC	404
ENTIRE	310
ENTRANCE	493
ENTREE	413
ENTRY	356
ENUNCIATION	216
ENVELOPE	554
ENVIOUS	361
ENVY	375
EPICURE	280
EPISODE	370
EPISTLE	437
EPITAPH	418
EQUAL	321
EQUALITY	346
EQUANIMITY	153
EQUIPMENT	410
EQUITY	281
ERRAND	440
ERROR	408
ERUPT	460
ESCAPE	459
ESSAY	564
ESSENCE	289
ESSENTIAL	268
ESTABLISHMENT	389
ESTATE	474
ESTIMATE	305
ETERNAL	403
ETERNITY	399
ETHER	436
ETHICAL	278
ETIQUETTE	388
EVACUATION	405
EVALUATE	340
EVANGELIST	456
EVEN	338
EVENING	559
EVENT	334
EVER	273
EVERGREEN	554
EVERY	267
EVIDENCE	356
EVIL	434
EVOLUTION	402
EWE	481
EXACT	288
EXACTING	295
EXACTITUDE	298
EXAMINATION	575
EXAMINE	341
EXASPERATION	375
EXCELLENT	366
EXCEPTION	232
EXCESSIVE	317
EXCHANGE	394
EXCISE	287
EXCITABLE	397
EXCITEMENT	452
EXCITING	407
EXCLUSION	326
EXCUSE	310
EXECUTIVE	513
EXERTION	445
EXHAUST	520
EXHAUSTION	505
EXHIBIT	376
EXIT	512
EXPANSE	497
EXPANSION	417
EXPEDITION	472
EXPENSIVE	402
EXPERIENCE	367
EXPLANATION	329
EXPLORATION	451
EXPOSE	346
EXPOSURE	431
EXPRESS	456
EXPRESSION	386
EXPULSION	363
EXTENSIVE	307
EXTENT	248
EXTERIOR	397
EXTERMINATION	422
EXTRA	337
EXTRAVAGANT	417
EXTREME	332
EXUBERANT	402
EYE	603
EYRIE	408
FABLE	477
FABRIC	544
FACE	581
FACILITY	320
FACT	302
FACTOR	269
FACTORY	608
FAIL	380
FAILING	419
FAILURE	437
FAINT	466
FAIR	439
FAIRY	536
FALCONER	422
FALL	547
FALLACY	287
FALLING	442
FALSE	315
FALSEHOOD	326
FAMILY	577
FAMOUS	376
FAN	582
FANCY	384
FANE	205
FANG	559
FANTASY	455
FAR	411
FARE	384
FAREWELL	466
FARM	560
FARMYARD	594
FARTHER	343
FARTHING	381
FASHION	474
FAST	411
FASTER	362
FAT	574
FATE	343
FATHER	646
FATHERLAND	378
FATIGUE	502
FAULT	323
FAVOURITE	378
FAWN	565
FAZE	295
FEAR	394
FEAST	610
FEAT	365
FEE	440
FEEL	363
FEELING	370
FEET	597
FEINT	313
FELINE	471
FELL	431
FELLOW	435
FELT	483
FENCE	611
FENCING	518
FERRY	592
FERTILE	446
FERVOUR	345
FESTIVITY	520
FETISH	342
FEUDAL	373
FEUDALISM	409
FEVER	563
FEW	333
FIDDLE	555
FIDGETY	407
FIELDER	472
FIFTEEN	491
FIGHT	543
FIGMENT	304
FIGURE	526
FILE	442
FILL	415
FILLING	477
FILM	562
FILTER	490
FILTH	517
FINAL	407
FINANCE	405
FIND	370
FINE	392
FINISH	437
FINISHED	361
FINITE	365
FIORD	551
FIR	461
FIRE	634
FIREPLACE	639
FIREWOOD	586
FIRM	404
FIRMAMENT	443
FIRST	388
FISH	615
FISHERMAN	610
FISHING	599
FISSURE	381
FIVE	529
FIXED	341
FLAG	607
FLAIR	425
FLAME	598
FLAMING	509
FLANNEL	520
FLARE	509
FLASH	528
FLASK	614
FLAVOUR	472
FLAX	389
FLEA	606
FLEE	431
FLEECE	547
FLEET	510
FLESH	567
FLEXIBILITY	395
FLICKER	506
FLIGHTY	347
FLIPPANT	361
FLOAT	525
FLOCK	516
FLOOD	598
FLOOR	544
FLORA	472
FLOURISH	391
FLOW	417
FLOWER	618
FLUE	400
FLUSH	530
FLUTE	581
FLUTTER	459
FLY	582
FLYER	478
FOAL	448
FOAM	600
FOE	435
FOG	606
FOIBLE	279
FOIL	495
FOLLOWING	349
FOLLY	326
FOND	363
FONT	497
FOOD	539
FOOL	436
FOOLISH	313
FOOT	597
FOOTBALL	597
FOOTSTEP	526
FOOTWEAR	583
FOR	216
FORBADE	320
FORBID	367
FORCE	437
FORCEPS	553
FORE	340
FOREARM	529
FORECAST	435
FOREHEAD	596
FOREIGN	404
FOREIGNER	516
FORELOCK	421
FOREST	633
FORETHOUGHT	308
FORFEIT	310
FORGETFUL	354
FORK	598
FORM	452
FORMALDEHYDE	460
FORMATION	409
FORMER	283
FORT	559
FORTH	336
FORTIFICATION	426
FORTUNE	459
FORWARD	329
FOUL	467
FOUNDATION	429
FOUNDER	339
FOUNTAIN	602
FOUR	491
FOURTH	384
FOWL	528
FOX	607
FOXTROT	478
FRAIL	430
FRAME	508
FRANC	426
FRANCHISE	309
FRANK	419
FRANTIC	400
FRATERNAL	376
FRATERNITY	508
FRAUD	381
FREE	397
FREEDOM	437
FREELY	354
FREEZE	521
FREIGHT	465
FRENZY	450
FRESH	453
FRIAR	497
FRICTION	445
FRIEND	587
FRIENDLY	439
FRIENDSHIP	535
FRIEZE	315
FRIGID	463
FRILL	497
FRIVOLOUS	378
FROCK	403
FROG	617
FROM	239
FRONT	427
FRONTAGE	464
FROST	595
FROWN	589
FRUGAL	367
FRUIT	587
FRUSTRATE	381
FUDGE	567
FUEL	521
FULL	437
FULLNESS	364
FUN	515
FUNCTION	294
FUNCTIONAL	288
FUNCTIONARY	263
FUNNY	468
FUR	588
FURNACE	586
FURNITURE	588
FURTHER	300
FURY	462
FUSE	479
FUSELAGE	402
FUSSY	400
FUTURE	413
FUZZY	519
GABARDINE	402
GABLE	424
GADFLY	401
GADID	195
GAIETY	546
GAIN	307
GAIT	377
GALAXY	575
GALLANT	447
GALLERY	566
GALLON	525
GAME	521
GANG	535
GARBAGE	596
GARDEN	635
GARDENIA	564
GARLIC	565
GARMENT	507
GARRET	429
GAS	532
GASKET	487
GASP	491
GATE	545
GAUDY	446
GAUNTLET	450
GAVEL	539
GEESE	603
GEM	572
GENDER	376
GENERAL	491
GENERATION	362
GENEROUS	348
GENIUS	456
GENTLE	422
GENTLEMAN	559
GENTRY	462
GENUINE	378
GEOGRAPHICAL	400
GEOGRAPHY	470
GERM	442
GESTURE	432
GET	264
GHOST	552
GIANT	562
GIDDY	451
GIFT	553
GIG	437
GILT	390
GIN	555
GINGER	430
GINGERBREAD	572
GINGHAM	523
GIRDLE	559
GIRL	634
GIST	262
GIVE	383
GIVER	378
GLACIER	580
GLAD	445
GLARE	536
GLASS	585
GLEAM	511
GLIMPSE	422
GLITTER	503
GLOBE	583
GLOOM	429
GLOOMY	436
GLORY	389
GLOVE	596
GLUM	383
GLUT	334
GLUTTON	548
GNAT	550
GNU	346
GO	364
GOAL	556
GOAT	585
GOBLET	577
GOD	461
GODDESS	515
GODHEAD	324
GOLD	594
GOLDEN	562
GOLF	616
GONDOLA	572
GONE	313
GOOD	374
GOOD-NATURED	434
GOODNESS	416
GOOF	360
GORAL	206
GORE	429
GORILLA	634
GOSPEL	440
GOT	286
GOVERNMENT	486
GOWN	578
GRACE	441
GRACEFUL	483
GRACIOUS	397
GRADE	397
GRADUATE	516
GRADUATION	577
GRAFT	404
GRAMERCY	148
GRAMMAR	392
GRANDFATHER	564
GRANDMOTHER	609
GRANNY	546
GRANULAR	504
GRAPE	591
GRAPH	535
GRAPHIC	352
GRAPHITE	443
GRASS	602
GRASSHOPPER	630
GRATE	424
GRATITUDE	396
GRAVE	619
GRAVEL	569
GRAVITY	388
GRAVY	594
GRAY	541
GRAZE	470
GREAT	390
GREATLY	295
GREED	420
GREEDILY	373
GREEDY	427
GREEN	609
GREENNESS	540
GREGARIOUS	334
GRIEF	480
GRIEVANCE	340
GRIND	485
GRIP	540
GRISLY	437
GRIZZLY	523
GROAN	506
GROCER	551
GROIN	516
GROUND	513
GROUP	467
GROVE	470
GROW	371
GROWN	292
GROWTH	426
GRUDGE	373
GUARD	530
GUESS	330
GUEST	497
GUIDE	482
GUILT	381
GULF	491
GULLET	409
GULLIBLE	359
GUN	613
GUSH	483
GUST	456
GUTTER	506
GUY	551
GYBE	190
GYM	613
GYMNASTICS	562
HABIT	418
HABITATION	466
HABITUAL	334
HAD	296
HADDOCK	532
HAIL	477
HAILSTONE	562
HAIR	580
HAIRPIN	569
HALE	376
HALF	458
HALL	559
HALT	417
HALTER	453
HALVE	425
HAM	570
HAMLET	565
HAMMER	618
HAMSTER	581
HAND	598
HANDFUL	490
HANDKERCHIEF	583
HANDMAID	397
HANG	537
HANK	313
HAPHAZARD	344
HAPPILY	410
HAPPINESS	519
HAPPY	511
HARBOR	579
HARBOUR	597
HARD	460
HARDLY	256
HARDSHIP	427
HARDWARE	576
HARDWOOD	557
HARE	577
HAREM	523
HARM	362
HARMONY	423
HARNESS	513
HARP	621
HARPOON	531
HARPSICHORD	537
HARSH	379
HARVEST	562
HAS	271
HASTE	416
HASTY	380
HAT	562
HATCHET	527
HATE	462
HATRED	417
HAUL	406
HAVE	271
HAVOC	505
HAWK	591
HAY	597
HAZARD	394
HAZE	521
HE	452
HEAD	593
HEADQUARTERS	499
HEADSTRONG	393
HEAL	438
HEALTH	432
HEAP	494
HEAR	425
HEARING	401
HEART	617
HEARTLESS	373
HEAT	507
HEAVEN	448
HEAVY	495
HECTIC	390
HEDGE	583
HEEL	597
HEIGHT	472
HEIR	394
HELL	519
HELMET	620
HELP	464
HELPFUL	346
HEN	597
HENCHMAN	447
HER	464
HERB	502
HERD	548
HERDSMAN	500
HERE	278
HEREDITY	383
HERESY	329
HERMIT	537
HERO	483
HEROIN	551
HEROISM	432
HERRING	524
HESITANT	368
HESITATE	354
HESITATION	332
HEXAGON	527
HIDDEN	354
HIDE	430
HIERARCHY	435
HIGH	463
HIGHER	464
HIGHWAY	581
HILL	607
HIM	421
HIMSELF	317
HIND	424
HINDRANCE	347
HINT	343
HIS	337
HISTORY	405
HIVE	554
HOARSE	403
HOBBY	494
HOCKEY	593
HOE	525
HOG	527
HOLD	416
HOLE	527
HOLIDAY	629
HOLLOW	478
HOME	599
HOMICIDE	432
HONEST	366
HONESTY	386
HONEY	608
HONEYCOMB	593
HONEYMOON	563
HONOUR	363
HOOD	558
HOOF	598
HOOK	541
HOP	554
HOPE	421
HORIZONTAL	521
HORN	566
HORROR	545
HORSE	624
HORSEHAIR	549
HOSE	572
HOSPITAL	602
HOSTAGE	536
HOSTILE	460
HOSTILITY	437
HOT	551
HOTEL	597
HOUND	596
HOUR	408
HOUSE	606
HOUSEHOLD	502
HOW	230
HOWEVER	247
HOWL	536
HOWLER	353
HUE	399
HUMAN	543
HUMANE	383
HUMANITY	442
HUMANKIND	426
HUMBLE	377
HUMILIATION	352
HUMMING	453
HUMOROUS	441
HUMOUR	462
HUMP	515
HUNGER	526
HUNGRY	503
HUNT	527
HUNTER	564
HURDLE	600
HURLED	441
HURRICANE	608
HURT	465
HUSBAND	537
HUSH	467
HUT	560
HUZZA	156
HYBRID	370
HYGIENE	459
HYMN	431
HYPNOTIC	367
HYPOTHESIS	315
HYSSOP	212
I	465
ICE	635
ICICLE	526
IDEA	319
IDEAL	331
IDEALISTIC	366
IDENTIFICATION	345
IDIOM	341
IDLE	444
IDLENESS	332
IF	228
IGNITION	466
IGNORANCE	386
IGNORE	400
ILLITERACY	348
ILLUSION	396
IMAGINATION	407
IMAGINATIVE	383
IMITATE	436
IMITATOR	383
IMMATURE	439
IMMENSE	436
IMMENSITY	402
IMMORTALITY	348
IMMUNITY	367
IMPACT	456
IMPARTIAL	305
IMPATIENCE	413
IMPEDIMENT	348
IMPERFECTION	391
IMPERSONATION	375
IMPETUOUS	329
IMPETUS	272
IMPORT	361
IMPORTANCE	347
IMPORTANT	341
IMPOSSIBILITY	347
IMPOSSIBLE	302
IMPOTENCY	403
IMPRESSION	313
IMPRINT	332
IMPROPRIETY	280
IMPROVE	307
IMPROVEMENT	332
IMPUDENT	334
IMPULSE	396
IMPULSIVE	376
IMPUNITY	183
IN	334
INACCURATE	290
INACTION	270
INADEQUATE	356
INANIMATE	348
INANITY	250
INAUGURATION	324
INCANTATION	318
INCAPABLE	337
INCENSE	555
INCH	497
INCIDENT	344
INCISE	371
INCLEMENCY	344
INCLINE	429
INCOME	475
INCOMPETENT	359
INCONGRUITY	210
INCORRECT	356
INCREASE	356
INCREDULITY	297
INCREMENT	313
INCURSION	164
INDECISIVE	327
INDEPENDENCE	440
INDEPENDENT	361
INDIAN	580
INDICATION	340
INDIFFERENT	290
INDIGENOUS	264
INDISCRETION	305
INDIVIDUAL	440
INDOLENCE	227
INDUCE	300
INDUCEMENT	336
INDULGENT	317
INDUSTRIOUS	404
INDUSTRY	499
INEBRIETY	383
INEFFICIENCY	316
INEXPERIENCE	305
INFALLIBILITY	275
INFANT	600
INFANTILE	422
INFANTRY	483
INFECTION	487
INFERIOR	379
INFERNO	572
INFINITE	401
INFINITY	469
INFIRMARY	546
INFLUENCE	270
INFORMATION	364
INFRINGEMENT	278
INGRATITUDE	336
INHABITANT	431
INHALE	461
INHIBITION	383
INITIATION	370
INITIATIVE	298
INJURY	551
INK	589
INN	578
INNATE	301
INNOCENCE	383
INOCULATION	513
INQUIRY	321
INQUISITIVE	354
INSECT	586
INSECURE	373
INSIDE	371
INSIGHT	329
INSINCERE	337
INSISTENCE	324
INSOLENCE	407
INSOLENT	357
INSPIRED	348
INSTANCE	250
INSTINCT	358
INSTITUTE	485
INSTITUTION	449
INSTRUCTOR	551
INSTRUMENT	521
INSUFFICIENCY	253
INSULT	477
INSURANCE	365
INTEGRITY	379
INTELLECT	336
INTELLIGENCE	383
INTEMPERANCE	262
INTENSE	340
INTENTION	286
INTEREST	359
INTERESTING	359
INTERIM	261
INTERIOR	424
INTERMISSION	402
INTERPOSITION	202
INTERRUPTION	359
INTERVIEW	499
INTIMATE	495
INTIMATION	345
INTO	259
INTOXICATION	570
INTRODUCTION	356
INTRODUCTORY	281
INVADER	419
INVENTION	408
INVESTIGATION	397
INVITATION	513
INVOICE	510
INVOLVED	363
IODINE	508
ION	348
IOTA	322
IRIS	606
IRON	561
IRONY	293
IRREGULARITY	353
IRRESISTIBLE	441
IRRIGATION	456
IRRITABLE	378
IRRITATION	448
IS	230
ISLAND	643
ISLANDER	497
ISLE	520
ISSUE	315
IT	265
ITCH	486
ITEM	369
ITS	229
IVORY	529
IVY	551
JACK	460
JACKET	611
JADE	459
JAGGED	512
JAIL	608
JAM	569
JAMB	276
JANGLE	392
JANITOR	508
JAR	571
JARGON	386
JAW	573
JEALOUS	446
JEALOUSY	475
JEEP	659
JEER	430
JELLY	590
JEOPARDY	344
JERID	228
JERK	479
JERSEY	572
JET	585
JEWEL	621
JIBE	314
JINGLE	497
JITTERBUG	473
JOB	470
JOBBER	226
JOCKEY	606
JOG	504
JOIN	340
JOKE	483
JOLT	426
JOURNAL	509
JOVIALITY	513
JOY	533
JOYFUL	473
JUBILANT	470
JUDGE	558
JUDGEMENT	333
JUDICIOUS	324
JUGGLER	553
JUICE	593
JUMP	506
JUNCTION	502
JUNGLE	555
JUNIOR	391
JUPON	240
JURY	580
JUST	221
JUSTICE	379
JUSTIFICATION	326
JUSTIFY	336
KABOB	430
KALE	391
KEEL	451
KEEN	335
KEEP	284
KEEPER	421
KEG	606
KENNEL	580
KEPT	300
KERCHIEF	515
KERNEL	542
KEROSENE	548
KETTLE	594
KEVEL	231
KEY	618
KICK	551
KID	525
KILL	481
KILT	622
KIND	383
KINDLE	415
KINDNESS	438
KINE	264
KING	585
KINGDOM	494
KINK	480
KINSMAN	436
KISS	633
KITE	624
KITTEN	639
KNEE	597
KNEW	267
KNIFE	633
KNIGHT	608
KNITTING	578
KNOB	554
KNOLL	444
KNOW	278
KNOWLEDGE	348
KNOWN	310
KNUCKLE	520
LABOUR	424
LABYRINTH	453
LACE	506
LACK	302
LAD	534
LADY	571
LAGAN	190
LAID	493
LAIN	328
LAIR	454
LAKE	616
LAMB	614
LAMENT	353
LAMP	575
LANCER	413
LAND	566
LANDSCAPE	608
LANE	543
LANTERN	575
LAP	531
LARCH	508
LARD	491
LARGE	449
LARK	573
LARKSPUR	263
LAST	367
LATCH	464
LATE	387
LATEST	288
LATHE	356
LATTER	256
LAUD	288
LAUGH	528
LAUGHTER	613
LAUNDER	432
LAUNDRY	559
LAW	409
LAWFUL	307
LAWN	608
LAWYER	557
LAX	363
LAY	426
LAZY	464
LEAD	488
LEADER	502
LEAF	608
LEAFLET	534
LEAK	545
LEAL	280
LEAN	472
LEAP	494
LEARN	361
LEARNING	370
LEASE	426
LEAST	302
LEATHER	586
LECTURE	564
LECTURER	551
LED	394
LEEK	540
LEES	271
LEFT	383
LEG	601
LEGALITY	310
LEGENDARY	413
LEGHORN	262
LEGISLATION	367
LEGITIMATE	321
LEGUME	473
LEMON	632
LEMONADE	606
LEND	327
LENGTH	395
LENIENT	375
LENS	556
LEOPARD	635
LESS	286
LESSEN	251
LESSON	446
LETTER	595
LETTUCE	608
LEVEL	385
LEVER	515
LEVITY	321
LEWD	324
LIAR	425
LIBERTY	392
LIBRARY	587
LICE	532
LICHEN	404
LIE	385
LIEN	317
LIEUTENANT	512
LIFE	482
LIFT	482
LIGHT	542
LIGHTER	458
LIGHTNING	599
LIKE	352
LIKEABLE	383
LIKEN	322
LILY	541
LIMB	580
LIME	563
LIMELIGHT	480
LIMITED	281
LIMN	206
LIMOUSINE	595
LIMP	512
LINE	491
LINEN	551
LINK	481
LINKS	454
LINT	513
LION	626
LIP	619
LIQUID	589
LIQUOR	576
LIRE	326
LISP	464
LISTEN	378
LISTLESS	359
LITER	412
LITERAL	261
LITERATURE	487
LITTLE	502
LITTORAL	224
LIVE	446
LIVELY	429
LIVER	571
LIZARD	632
LOAD	461
LOAFER	456
LOAN	430
LOBBY	462
LOBSTER	630
LOCK	532
LOCKER	569
LODE	363
LODGE	464
LOGIC	294
LOGICAL	295
LOGOS	288
LONE	457
LONELY	443
LONG	471
LOOK	395
LOON	348
LOOP	492
LOOSE	397
LOOT	579
LOQUACITY	321
LORD	482
LORRY	383
LOSE	373
LOSS	409
LOTION	497
LOUD	448
LOVE	569
LOVELY	491
LOVING	497
LOW	378
LOWLAND	453
LOYALTY	411
LUBRICANT	515
LUCK	399
LUMBER	530
LUMP	546
LUNCH	602
LUNE	252
LUNG	576
LUNGE	459
LURE	389
LUST	444
LUTE	429
LUXURY	507
LYE	372
LYMPH	383
LYNX	461
LYRE	426
MACARONI	608
MACHINE	575
MACHINERY	526
MACKEREL	540
MAD	479
MADAME	504
MADE	351
MADMAN	545
MADNESS	422
MAGAZINE	588
MAGIC	458
MAGICIAN	569
MAGNATE	379
MAGNESIUM	391
MAGNET	543
MAGNITUDE	303
MAHOGANY	500
MAIDEN	554
MAIL	548
MAIN	309
MAINLY	237
MAIZE	420
MAJESTIC	446
MAJOR	395
MAJORITY	390
MAKE	322
MAKER	379
MALADY	370
MALARIA	484
MALE	587
MALICE	365
MALICIOUS	397
MALL	383
MALLET	557
MAMMAL	541
MAN	567
MANAGE	303
MANAGEMENT	415
MANE	528
MANGANESE	413
MANICURE	451
MANKIND	452
MANNER	342
MANOR	508
MANSION	628
MANTLE	596
MANUFACTURER	362
MANURE	534
MANUS	238
MANY	393
MAP	587
MAPLE	511
MAR	453
MARBLE	605
MARCH	497
MARE	529
MARGIN	494
MARK	434
MARKET	583
MARL	186
MAROON	503
MARRIAGE	556
MARRIED	568
MARRY	523
MARTIAL	412
MARVEL	410
MASH	472
MASS	484
MAST	558
MASTER	495
MASTERY	324
MAT	537
MATCH	490
MATE	506
MATERIAL	490
MATERNITY	502
MATH	487
MATHEMATICAL	430
MATHEMATICS	480
MATTER	298
MATTRESS	601
MATURE	363
MATURITY	429
MAY	370
MAYBE	222
MAYOR	523
MAZE	555
ME	430
MEADOW	622
MEAL	573
MEAN	419
MEANT	282
MEASLES	582
MEASURE	379
MEAT	618
MECHANIC	530
MECHANICAL	482
MEDAL	529
MEDALLION	565
MEDICINE	551
MEDIOCRE	322
MEDIOCRITY	258
MEEK	392
MEET	438
MEETING	451
MELANCHOLY	370
MELEE	313
MELT	461
MEMBER	399
MEMORY	391
MEN	587
MENACE	398
MENAD	167
MENU	613
MERCENARY	436
MERCHANT	472
MERCURY	521
MERCY	373
MERIT	380
MERMAID	578
MERRY	519
MESSAGE	438
MESSENGER	505
METAL	541
METHOD	304
METHODICAL	337
METHYLENE	405
METICULOUS	337
METIS	199
METROPOLIS	572
MICA	397
MICROBE	394
MICROSCOPE	617
MIDNIGHT	602
MIDSHIPMAN	369
MIEN	253
MIGHT	346
MILD	359
MILE	511
MILEAGE	460
MILITARY	478
MILK	638
MILLION	440
MILLSTONE	526
MIMIC	390
MINCE	419
MIND	373
MINE	522
MINER	569
MINERAL	432
MINISTER	584
MINK	604
MINNOW	554
MINOR	376
MINSTREL	522
MINUTE	473
MIRACLE	367
MIRAGE	489
MIRROR	627
MISCHANCE	248
MISCHIEF	422
MISCHIEVOUS	455
MISCONCEPTION	292
MISERY	444
MISMANAGEMENT	286
MISS	447
MISSILE	602
MIST	637
MISTAKE	380
MISTAKEN	290
MISTER	365
MISTRESS	535
MISUSE	367
MITE	387
MIXER	536
MIXTURE	433
MOAN	475
MOAT	497
MOCCASIN	573
MOCKER	372
MODERN	368
MODERNIST	294
MODEST	341
MOHAIR	508
MOHUR	158
MOISTURE	513
MOLASSES	451
MOLD	454
MOLE	567
MOLECULE	470
MOMENT	334
MONAD	186
MONARCH	572
MONASTERY	550
MONEY	604
MONK	606
MONKEY	588
MONOCLE	529
MONSOON	498
MONTH	448
MONUMENT	543
MOOD	394
MOON	585
MOONLIGHT	613
MOOSE	604
MORAL	341
MORASS	256
MORBID	420
MORE	264
MORGUE	589
MORNING	579
MORPHINE	550
MORTAL	402
MORTAR	449
MORTGAGE	358
MOSQUE	461
MOSQUITO	612
MOSS	569
MOST	306
MOTE	438
MOTH	577
MOTHER	638
MOTION	416
MOTIVE	275
MOTOR	521
MOUNTAIN	629
MOURNFUL	475
MOUSE	615
MOUSER	329
MOUSSE	439
MOUTH	613
MOUTHPIECE	549
MOVE	413
MOVIE	571
MUCH	332
MUCIN	217
MUCOUS	538
MUCUS	570
MUD	582
MUDDY	522
MUG	574
MULE	608
MULTIPLICATION	476
MULTITUDE	436
MURAL	515
MURDER	549
MUSCLE	553
MUSCULAR	570
MUSIC	549
MUSICAL	451
MUSICIAN	585
MUSSEL	556
MUST	247
MUSTARD	599
MUTILATION	502
MUTINY	447
MUTTON	484
MUZZLE	513
MY	298
MYSTERY	472
MYSTIC	495
MYTH	359
NABOB	213
NADIR	254
NAG	508
NAIAD	198
NAIL	588
NAIVE	354
NAME	475
NAMESAKE	348
NAPKIN	582
NARES	169
NARROW	491
NARROWNESS	397
NASTY	387
NATION	436
NATIONAL	400
NATIVE	507
NATURAL	376
NATURE	513
NAUGHTY	407
NAVAL	535
NAVE	282
NAVEL	546
NAVY	562
NEAR	408
NEARLY	305
NEAT	495
NECESSITY	306
NECK	622
NECKLACE	606
NECTAR	523
NEED	327
NEEDLE	589
NEGLECT	372
NEGLIGENT	339
NEIGHBOUR	548
NEIGHBOURHOOD	456
NEPHEW	443
NERVE	486
NERVOUS	465
NEST	571
NET	540
NEUROTIC	417
NEUTER	327
NEUTRAL	300
NEUTRALITY	308
NEVER	351
NEW	418
NEWBORN	532
NEWS	484
NEWSPAPER	616
NEWT	472
NEXT	386
NICE	375
NICETY	221
NICKEL	572
NIDUS	213
NIGHT	607
NIGHTFALL	588
NIGHTGOWN	564
NIGHTINGALE	551
NINE	494
NIP	486
NISUS	211
NO	361
NOB	372
NOBLE	383
NOD	508
NOEL	463
NOISY	215
NOLL	297
NOMAD	516
NONCHALANT	366
NONE	425
NONSENSE	349
NOODLE	530
NOOSE	593
NOPE	315
NOR	243
NORMAL	294
NOSE	605
NOT	253
NOTE	503
NOTICE	467
NOUN	368
NOVEL	547
NOW	276
NOWHERE	299
NOXIOUS	363
NOZZLE	513
NUMB	477
NUMBER	489
NUN	617
NURSE	617
NURSERY	542
NUTMEG	526
NUTRIENT	378
NYMPH	546
OAK	590
OAR	592
OAT	499
OATH	443
OATMEAL	558
OBEDIENCE	394
OBEDIENT	364
OBESE	563
OBEY	352
OBJECT	408
OBLIQUE	310
OBLIVION	386
OBLIVIOUS	347
OBNOXIOUS	363
OBOE	471
OBSCURE	354
OBSERVATION	345
OBSERVER	489
OBSESSION	409
OBSTINATE	373
OBSTRUCTION	413
OCCASION	305
OCCASIONAL	276
OCCUPATION	375
OCEAN	623
ODE	344
ODOUR	556
OF	217
OFF	326
OFFAL	402
OFFEND	372
OFFENSIVE	378
OFFICE	518
OFFICER	593
OFFSHOOT	335
OH	274
OIL	573
OKAY	269
OLD	478
OLDER	479
OLIVE	578
OMEN	413
ON	268
ONCE	322
ONE	432
ONION	617
ONLY	255
ONSLAUGHT	374
OPAL	490
OPEN	425
OPENING	462
OPINION	359
OPIUM	487
OPPONENT	408
OPPORTUNITY	335
OPPOSITION	359
OPTIMISM	418
OPTIMISTIC	378
OR	224
ORAL	378
ORANGE	626
ORCHESTRA	619
ORCHID	597
ORDER	352
ORDERLY	419
ORDINARY	271
ORGAN	576
ORIGIN	306
ORIGINAL	324
ORIGINALITY	335
ORIGINATE	311
ORIGINATOR	365
ORNAMENT	594
ORNATE	419
OSCILLATION	440
OSCULATION	318
OSTENTATION	280
OTHER	265
OTTER	572
OUNCE	457
OUR	315
OUT	330
OUTBREAK	359
OUTCOME	295
OUTFIT	487
OUTGOING	352
OUTHOUSE	494
OUTLANDISH	332
OUTPOST	378
OUTPUT	324
OUTSET	270
OUTSIDE	419
OUTSIDER	518
OUTSPOKEN	354
OVEN	599
OVER	327
OVERCOAT	552
OVERLAP	399
OVERPRODUCTION	316
OVERSHOE	378
OVERTONE	268
OWL	595
OWN	337
OWNER	425
OWNERSHIP	362
OX	548
OXIDE	337
OXYGEN	430
OYSTER	521
PACIFISM	383
PACKAGE	529
PACT	364
PADLOCK	523
PAEAN	261
PAGE	555
PAID	429
PAIL	508
PAIN	502
PAINT	567
PAINTER	565
PAINTING	602
PAIR	480
PALACE	612
PALE	532
PALETTE	437
PALL	271
PALM	555
PAMPAS	410
PAN	532
PANCREAS	453
PANE	410
PANIC	501
PANOPLY	213
PANORAMA	464
PANTIES	574
PANTS	630
PAPER	590
PARADE	578
PARADISE	516
PARADOX	334
PARAGRAPH	482
PARALLELISM	324
PARCEL	509
PARDON	355
PARE	392
PARISH	483
PARK	573
PARLIAMENT	475
PARRY	328
PART	340
PARTICIPANT	370
PARTICULAR	274
PARTNER	513
PARTY	596
PASS	479
PASSAGE	525
PASSENGER	529
PASSING	368
PASSION	467
PASSIONATE	495
PASSIVE	307
PASSPORT	546
PAST	446
PASTE	529
PASTOR	488
PASTURE	562
PAT	386
PATCH	529
PATENT	375
PATH	537
PATHETIC	397
PATIENCE	363
PATIENT	526
PATRON	376
PATTERN	453
PAUL	440
PAUSE	347
PAVIS	194
PAWN	479
PAX	277
PAYMENT	472
PEA	568
PEACE	446
PEACEFUL	426
PEACEMAKER	416
PEACH	613
PEAL	433
PEAR	590
PEARL	590
PEASANT	540
PEBBLE	546
PECK	494
PEDAL	556
PEDDLE	508
PEEK	446
PEEL	436
PEEP	437
PEER	376
PEG	538
PELT	517
PEN	576
PENCIL	607
PENDULUM	605
PENICILLIN	501
PENITENT	334
PENNY	609
PEON	455
PEOPLE	548
PEP	466
PEPPER	587
PERCEPTION	355
PERCH	462
PERDITION	180
PERFECT	404
PERFORMANCE	453
PERFORMER	530
PERHAPS	220
PERIOD	429
PERIODICAL	492
PERISH	404
PERJURY	353
PERMANENT	390
PERMISSION	331
PERMIT	388
PERPETRATOR	272
PERRY	356
PERSE	271
PERSECUTION	416
PERSISTENT	344
PERSON	562
PERSONAL	408
PERSONALITY	405
PERSONNEL	375
PERSUASIVE	366
PERTURBATION	232
PESO	463
PESSIMISTIC	400
PEST	445
PESTLE	341
PET	589
PETAL	508
PEW	531
PEWIT	229
PHAETON	221
PHANTOM	499
PHASE	319
PHIAL	394
PHILOLOGY	162
PHILOSOPHY	348
PHONE	587
PHOTOGRAPH	618
PHRASE	342
PHYSICIAN	572
PHYSICS	425
PIANIST	608
PIANO	630
PICK	513
PICKLE	641
PICTURE	581
PICUL	174
PIDGIN	390
PIE	604
PIECE	395
PIER	545
PIERCED	475
PIG	635
PIGEON	610
PILE	513
PILL	580
PILLOW	624
PIMPLE	617
PIN	576
PINE	617
PINEAPPLE	569
PINT	487
PIONEER	416
PIOUS	378
PIPE	598
PIPING	491
PIQUE	293
PISTON	526
PIT	589
PITY	391
PLACARD	382
PLACE	377
PLAICE	226
PLAIN	463
PLAIT	319
PLAN	379
PLANE	556
PLANET	578
PLANK	598
PLANT	605
PLATE	527
PLATFORM	529
PLATTER	576
PLAUSIBLE	278
PLAY	498
PLAYFUL	463
PLAYING	464
PLAZA	351
PLEA	347
PLEAD	393
PLEASANT	390
PLEASING	368
PLEASURE	511
PLEDGE	408
PLENIPOTENTIARY	129
PLENTIFUL	408
PLIABLE	364
PLIERS	588
PLOT	420
PLUG	583
PLUM	611
PLUMB	501
PLUNGE	548
POCKET	558
PODIUM	508
POET	518
POETRY	486
POINT	481
POISON	513
POLE	579
POLICEMAN	629
POLIO	561
POLISH	494
POLITE	393
POLITICIAN	507
POLKA	475
POLL	488
POLLEN	526
POLLUTION	509
POLO	524
POLYP	235
POMMEL	280
POMPOUS	380
POND	599
PONY	642
POOL	577
POOR	447
POPE	576
POPULAR	422
POPULATION	391
PORCH	586
PORE	447
PORK	522
PORT	546
PORTAL	505
PORTER	536
PORTION	399
PORTRAIT	565
PORTRAY	377
POSITION	346
POSSESSION	410
POSSESSIVE	383
POSSIBLE	249
POST	518
POSTER	600
POT	598
POTATO	617
POUCH	513
POUND	553
POUR	495
POVERTY	502
POWDER	524
POWER	450
PRACTICAL	358
PRAIRIE	569
PRAISE	467
PRAY	444
PRAYER	492
PREACHING	441
PRECAUTION	367
PRECIOUS	424
PRECIPITATE	426
PRECISE	324
PRECURSOR	205
PREDICAMENT	365
PREDICT	372
PREFERENCE	281
PREFIX	353
PREJUDICE	419
PRELIMINARY	254
PRELUDE	340
PREPARATION	313
PREPOSITION	317
PRESENCE	339
PRESENT	481
PRESENTABLE	341
PRESIDENT	572
PRESSURE	446
PRESTIGE	394
PRETENCE	307
PRETTY	520
PREVALENT	274
PREVIOUS	276
PREY	500
PRIDE	424
PRIEST	568
PRIM	361
PRIMARY	367
PRIME	386
PRINCE	606
PRINCESS	547
PRINCIPAL	402
PRINCIPLE	305
PRIOR	274
PRISON	593
PRISONER	565
PRIVATE	432
PRIZE	517
PROBLEM	411
PROCESSION	534
PRODUCE	396
PRODUCT	435
PRODUCTION	347
PRODUCTIVE	350
PROFESSION	406
PROFESSIONAL	383
PROFESSOR	587
PROFICIENT	346
PROFILE	572
PROFIT	497
PROFITEER	297
PROGRAMME	458
PROHIBIT	373
PROJECTILE	486
PROJECTOR	584
PROMENADE	526
PROMISE	320
PROMISED	298
PROMISING	300
PROMOTION	367
PRONG	499
PRONOUN	402
PROOF	339
PROP	450
PROPELLER	599
PROPER	295
PROPERTY	466
PROPHET	467
PROPORTION	329
PROPRIETOR	475
PROSAIC	283
PROSECUTOR	497
PROSPER	392
PROSPERITY	436
PROSPEROUS	436
PROTECTION	410
PROTEST	472
PROTOCOL	258
PROUD	434
PROVENDER	162
PROVIDED	264
PROVINCIAL	322
PROVISION	343
PROW	307
PROXY	334
PRUNE	578
PSALM	427
PSYCHOLOGIST	470
PSYCHOLOGY	353
PUBLIC	448
PUCK	370
PUDDING	588
PUDDLE	562
PUGILIST	264
PULL	446
PULPIT	551
PUMMEL	308
PUMP	556
PUNCH	527
PUNCTUAL	368
PUNCTURE	465
PUNISH	474
PUNISHABLE	303
PUNISHMENT	418
PUNY	395
PUP	624
PUPIL	572
PUPPY	635
PURE	366
PURL	310
PURPOSE	280
PURSE	567
PURSER	362
PUSH	395
PUT	263
PUZZLE	510
PYRAMID	613
PYTHON	559
QUACK	446
QUAICH	201
QUAIL	505
QUAKE	463
QUALITY	349
QUANTITY	349
QUARREL	479
QUART	545
QUARTER	531
QUEAN	263
QUEEN	612
QUERULOUS	293
QUEST	460
QUESTION	398
QUESTIONABLE	329
QUIBBLE	393
QUICK	363
QUICKEN	335
QUICKLY	376
QUICKNESS	372
QUIET	426
QUIETUDE	286
QUILL	530
QUILT	554
QUIRE	240
QUIVER	505
QUOTIENT	341
RABBI	557
RABBIT	611
RACE	457
RACK	439
RACKET	530
RACKETEER	502
RACQUET	522
RADICAL	346
RADIO	613
RAID	476
RAIL	556
RAILROAD	596
RAIMENT	373
RAIN	618
RAINBOW	604
RAISE	418
RAISED	376
RAKE	550
RAM	546
RAMP	527
RAMPANT	337
RAMROD	418
RANCH	519
RANCID	364
RANGE	413
RAP	388
RAPE	565
RAPID	387
RARE	439
RARITY	270
RASH	520
RASPBERRY	636
RAT	588
RATAL	193
RATE	311
RATING	310
RATION	392
RATIONAL	298
RATTLE	554
RATTLESNAKE	611
RAW	470
RAY	556
RAZE	271
REACH	391
REACTION	395
READ	499
READING	436
REAL	313
REALITY	315
REALLY	246
REALM	324
REAP	408
REAPER	462
REAR	455
REASON	285
REASONABLE	305
REBEC	224
REBEL	497
REBELLIOUS	463
REBUS	201
RECALL	424
RECEIPT	432
RECEIVER	504
RECENT	298
RECEPTACLE	426
RECEPTIVE	302
RECESS	415
RECIPROCAL	278
RECITAL	495
RECKLESS	395
RECKONING	283
RECOGNITION	388
RECOLLECTION	308
RECOMMEND	313
RECORD	591
RECREANT	167
RECRUIT	412
RECTANGLE	590
RECTOR	494
RED	585
REDEEMER	353
REDUCTION	332
REED	520
REEL	487
REFEREE	564
REFINED	353
REFINEMENT	375
REFLECTION	567
REFLEX	476
REFORMATION	280
REFRAIN	370
REFRESH	374
REFRIGERATOR	612
REFUSE	419
REGENCY	316
REGION	459
REGISTER	483
REGRET	359
REGULAR	320
REGULATION	345
REIGN	382
REIN	478
REJOICE	432
RELATION	451
RELAX	387
RELAXATION	494
RELIABLE	363
RELIC	481
RELIEF	432
RELIGION	434
RELINQUISH	337
RELUCTANT	373
REMARK	321
REMEDY	370
REMEX	222
REMINDER	328
REMITTANCE	337
REMOVAL	391
RENDEZVOUS	477
RENOUNCE	362
RENOWN	334
RENT	469
REPAIR	440
REPEAT	351
REPLACEMENT	333
REPLETE	285
REPLY	341
REPORT	411
REPRESENTATIVE	380
REPRESS	365
REPRISAL	294
REPROVE	301
REPTILE	579
REPUBLIC	356
REPULSIVE	426
REPUTATION	343
REQUIREMENT	339
RESCUE	456
RESEARCH	445
RESENTFUL	404
RESENTMENT	352
RESIDUE	487
RESISTANCE	416
RESOLUTION	316
RESOLVED	278
RESORT	523
RESPECT	343
RESPECTABLE	385
RESPONSE	348
RESPONSIBILITY	294
RESPONSIBLE	348
RESPONSIVE	347
REST	396
RESTAURANT	611
RESTLESS	404
RESTORE	324
RESULT	324
RESUMPTION	264
RETAILER	445
RETAIN	352
RETARD	481
RETENTION	316
RETREAT	408
RETURN	293
REVEALED	346
REVENGE	429
REVENUE	330
REVIEW	345
REVOLT	502
REVOLUTION	513
REVOLVER	629
REWARD	453
RHAPSODY	409
RHEUMATISM	458
RHOMBUS	441
RHUMB	199
RHYME	475
RIB	586
RIBBON	563
RICE	506
RICH	467
RICK	275
RICKETY	426
RIDDLE	455
RIDE	483
RIDGE	543
RIDICULE	390
RIFLE	581
RIGHT	372
RIGHTEOUS	329
RIGID	488
RIGIDITY	432
RIM	509
RING	601
RINSE	465
RIOT	548
RIPE	490
RISE	451
RISK	405
RITE	353
RITUAL	474
RIVER	633
ROAD	609
ROAR	526
ROB	465
ROBBER	549
ROBBERY	484
ROBIN	615
ROCK	612
ROCKER	520
ROCKET	612
ROD	549
RODE	451
ROE	349
ROGUE	478
ROLE	385
ROLL	496
ROLLING	434
ROMANCE	551
ROOF	604
ROOM	545
ROOT	565
ROPE	596
ROSARY	464
ROSE	623
ROSEBUD	586
ROSIN	435
ROTATION	448
ROTE	264
ROUGH	491
ROUND	559
ROUTE	447
ROUTINE	341
ROVER	473
RUBBER	599
RUBBLE	482
RUBY	562
RUDDER	520
RUDE	390
RUFF	327
RUG	591
RUGGED	488
RULE	415
RULER	543
RUM	560
RUMBLE	494
RUMOUR	353
RUNG	480
RUNNER	546
RUNNING	490
RURAL	437
RUSH	404
RUST	547
RUSTY	553
RYE	459
SABLE	419
SACK	548
SAD	419
SADDLE	578
SAFE	474
SAFETY	397
SAGA	345
SAGACITY	232
SAGE	434
SAID	313
SAIL	597
SAINT	394
SALAD	623
SALARY	452
SALE	422
SALEP	211
SALOL	206
SALOON	608
SALT	570
SALTPETRE	283
SALTY	512
SALUTATION	456
SALUTE	538
SALVATION	408
SALVE	391
SAME	326
SAMPLER	378
SANCTITY	330
SANCTUARY	481
SAND	603
SANDAL	613
SANDY	554
SANE	364
SANITARIUM	510
SANITATION	447
SAP	451
SAPPHIRE	560
SARCASTIC	419
SARDINE	592
SASH	488
SATCHEL	580
SATIN	561
SATIRE	370
SATISFACTION	478
SAUCE	569
SAUCER	544
SAUERKRAUT	585
SAVAGE	528
SAVANT	271
SAVE	365
SAVORY	446
SAW	531
SAXOPHONE	602
SCAB	573
SCALE	463
SCAR	565
SCARCE	380
SCARE	471
SCARLET	587
SCAVENGER	501
SCENE	432
SCENT	421
SCHEME	319
SCHISM	361
SCHOLAR	451
SCHOOL	599
SCHOOLHOUSE	544
SCIENCE	423
SCISSORS	609
SCOOTER	569
SCORN	364
SCORNFUL	407
SCORPION	596
SCOTCH	590
SCOUT	578
SCOWL	456
SCRATCH	543
SCREAM	589
SCREAMING	519
SCREWDRIVER	617
SCROLL	572
SCULL	474
SEA	606
SEAL	563
SEAM	555
SEAMAN	481
SEAR	299
SEARCH	402
SEASON	495
SEAT	574
SEAWEED	590
SECOND	371
SECRETARY	563
SECURE	373
SECURITY	391
SEDATIVE	459
SEDUCTION	521
SEE	379
SEED	542
SEEDLING	451
SEEDY	432
SEEK	335
SEEL	341
SEEM	249
SEEN	351
SEER	309
SEGMENT	480
SEINE	367
SELDOM	259
SELECT	310
SELECTION	311
SELF	466
SELFISH	359
SELL	397
SELLER	427
SELLING	376
SEMEN	494
SEMESTER	383
SEMICIRCLE	526
SEND	423
SENDER	370
SENSATION	394
SENSE	368
SENSIBLE	334
SENSITIVE	434
SENT	386
SENTIMENT	365
SEPARATION	435
SEQUEL	323
SERF	500
SERGEANT	549
SERIAL	340
SERIES	398
SERIOUS	376
SERVANT	508
SERVICE	408
SESSION	394
SETTLED	307
SETTLEMENT	457
SETTLER	528
SEVER	439
SEVERANCE	316
SEVERE	352
SEW	478
SEWER	538
SEX	584
SEXUAL	504
SHADOW	565
SHADOWY	443
SHADY	487
SHAKER	408
SHALE	401
SHALL	237
SHALLOW	451
SHAME	419
SHAPE	471
SHARK	602
SHARP	495
SHAWL	576
SHE	474
SHEAR	484
SHED	602
SHEEP	596
SHEEPSKIN	566
SHEER	440
SHEET	594
SHELL	581
SHELTER	488
SHEPHERD	600
SHIELD	556
SHILLING	476
SHINING	480
SHINY	537
SHIP	612
SHIRT	612
SHIVER	578
SHOCK	471
SHOE	601
SHONE	384
SHOOT	494
SHOP	561
SHOPPER	519
SHORE	624
SHORT	431
SHORTAGE	405
SHOT	535
SHOULD	295
SHOULDER	577
SHOUT	484
SHOVEL	538
SHOW	424
SHOWER	615
SHOWN	273
SHRIEK	515
SHRIMP	618
SHRUB	556
SHRUG	497
SHUTTER	533
SICK	456
SICKNESS	489
SIDE	386
SIEGE	445
SIGH	440
SIGHT	406
SIGIL	231
SIGN	534
SIGNAL	513
SIGNIFICANT	261
SIGNIFY	298
SILENCE	470
SILK	510
SILVER	582
SIMILAR	324
SIMILE	334
SIMPER	329
SIMPLE	344
SIN	441
SINCE	264
SINCERE	407
SINE	377
SINFUL	371
SING	527
SINGER	575
SINGING	471
SINGLE	415
SINK	599
SIREN	578
SISTER	613
SIT	487
SITE	406
SITUATION	319
SIXPENCE	602
SIZE	415
SKATE	563
SKETCH	510
SKI	615
SKILL	366
SKILLET	586
SKIN	638
SKIRT	573
SKULL	609
SKUNK	652
SKY	618
SKYLARK	548
SKYSCRAPER	577
SLAG	373
SLANG	411
SLAP	542
SLAVE	564
SLAVERY	517
SLAY	454
SLEAVE	381
SLEEP	530
SLEET	547
SLEEVE	550
SLEIGH	608
SLEPT	393
SLICE	507
SLIDE	490
SLIGHT	317
SLIME	558
SLIP	497
SLIPPER	595
SLIT	508
SLOE	276
SLOPE	578
SLOPPY	434
SLOUGH	245
SLOVENLY	404
SLOW	377
SLUGGISH	382
SLUMBER	500
SLUSH	567
SMACK	601
SMALL	447
SMART	396
SMASH	518
SMEAR	415
SMELL	477
SMELT	473
SMILE	615
SMOKE	615
SMOOTH	472
SMOTHER	413
SMUG	352
SMUT	426
SNAIL	577
SNAKE	627
SNAP	410
SNEER	494
SNEEZE	562
SNORT	472
SNOW	597
SNUB	348
SO	227
SOAP	600
SOAR	436
SOB	483
SOBRIETY	380
SOCCER	570
SOCIAL	386
SOCIALIST	352
SOCIETY	440
SOCK	553
SOD	467
SODA	544
SODIUM	423
SOFA	597
SOFT	476
SOFTLY	456
SOIL	566
SOLD	408
SOLDIER	578
SOLE	462
SOLEMN	392
SOLEMNITY	314
SOLIDIFY	445
SOLUTION	391
SOME	302
SOMERSAULT	562
SOMETIMES	259
SON	560
SONATA	441
SONG	578
SOON	278
SOOT	531
SOP	294
SOPHISTICATED	415
SOPRANO	535
SORE	486
SORROW	429
SOUL	366
SOUND	497
SOUP	604
SOUR	495
SOUTH	476
SOUTHLAND	224
SOW	479
SPACE	538
SPADE	578
SPAN	381
SPANGLE	356
SPANK	522
SPARE	316
SPARK	539
SPARROW	583
SPASM	486
SPATULA	517
SPEAK	488
SPEAKER	549
SPEAR	545
SPECIAL	305
SPECIALIST	448
SPECIMEN	417
SPECK	503
SPEECH	447
SPELL	429
SPERM	548
SPHERE	562
SPICE	592
SPICY	494
SPIDER	597
SPIKE	573
SPINACH	606
SPIRE	541
SPIRIT	450
SPIRITED	426
SPITE	405
SPITEFUL	334
SPLENDID	383
SPLIT	445
SPOKE	466
SPONGE	577
SPOOK	449
SPOOL	552
SPOON	584
SPOT	507
SPOUT	466
SPRAY	559
SPREE	425
SPRING	585
SPRINT	526
SPRUCE	532
SPURT	491
SQUARE	610
SQUEAK	492
SQUIB	390
SQUINT	515
SQUIRE	459
SQUIRREL	642
SQUIRT	496
STABLE	537
STADIUM	586
STAFF	478
STAIN	533
STAIR	551
STAKE	506
STALE	412
STALK	440
STAND	471
STANDARD	319
STANZA	437
STAR	623
STARCH	497
STARE	420
STARTLE	410
STATE	511
STATEMENT	386
STATION	554
STATUE	562
STAY	321
STEADY	378
STEAK	647
STEAL	448
STEAM	591
STEAMER	616
STEEL	534
STEEPLE	559
STEERAGE	341
STEM	533
STEP	483
STEPPE	427
STERN	424
STEW	587
STICK	517
STIFLE	381
STILE	413
STILL	345
STING	553
STINGY	395
STIPEND	213
STOAT	483
STOCKING	555
STOIC	340
STOLE	441
STOMACH	551
STONE	585
STOOL	584
STOP	452
STOPPED	397
STORE	506
STORK	570
STORM	587
STORY	491
STOUT	521
STOVE	592
STRAIGHT	453
STRAIN	402
STRAND	431
STRANGE	378
STRANGER	454
STRAW	568
STRAWBERRY	631
STREAMER	504
STREET	577
STRENGTH	470
STRENGTHEN	341
STRICT	383
STRIDE	462
STRING	556
STRIPE	562
STROKE	481
STRONG	463
STROP	208
STRUT	437
STUB	495
STUBBORN	400
STUDENT	603
STUDIOUS	426
STUMBLE	485
STUMP	490
STUNT	429
STUPID	381
STYLE	416
STYLISH	407
SUBALTERN	267
SUBJECT	418
SUBMARINE	588
SUBSECTION	283
SUBSTANCE	348
SUBSTITUTE	360
SUBSTRATUM	244
SUBTLE	294
SUBTRACTION	413
SUCCEED	416
SUCCESS	443
SUCCOUR	297
SUCH	219
SUCKER	419
SUDDEN	361
SUDS	565
SUE	449
SUEDE	550
SUFFERANCE	326
SUFFIX	254
SUFFOCATE	486
SUFFRAGE	317
SUGAR	595
SUGGESTION	345
SUIT	536
SUITE	487
SULLEN	361
SULPHUR	561
SULTAN	541
SUM	465
SUMMER	618
SUMMIT	546
SUN	639
SUNBURN	629
SUNLIGHT	643
SUNSET	633
SUNSHINE	655
SUPERFLUITY	232
SUPERIOR	378
SUPPER	590
SUPPLICATION	326
SUPPLY	340
SUPPORT	359
SUPPOSITION	270
SUPPRESSION	328
SURAL	231
SURE	285
SURF	601
SURFACE	453
SURPLUS	346
SURPRISE	451
SURRENDER	432
SURTAX	290
SUSPECT	377
SUSPICION	386
SUSPICIOUS	371
SWAGE	234
SWALLOW	554
SWAMP	600
SWARD	207
SWARM	488
SWAYED	404
SWEAT	560
SWEEP	513
SWEET	493
SWELL	410
SWIFT	460
SWIM	572
SWIMMING	635
SWORD	597
SWORE	404
SYCAMORE	562
SYLLABLE	375
SYMBOL	447
SYMBOLISM	438
SYMMETRICAL	456
SYMPATHETIC	390
SYMPATHY	402
SYNAGOGUE	498
SYNOD	229
SYSTEM	340
TABLE	582
TABLESPOON	600
TACET	234
TACK	546
TAIL	551
TAILOR	499
TAKE	337
TALE	363
TALENT	399
TALENTED	387
TALES	466
TALK	453
TALKATIVE	400
TALL	514
TALLY	308
TALUK	230
TAME	447
TANG	518
TANGERINE	625
TANK	563
TAP	541
TAPE	573
TAPER	372
TAPIS	193
TAR	550
TARIFF	373
TARN	299
TARNISH	456
TASK	410
TASTE	425
TAX	446
TEA	599
TEACH	429
TEACHER	575
TEAM	565
TEAR	550
TECHNICALITY	262
TEEM	346
TEETH	611
TELEGRAPH	518
TELEPHONE	655
TELESCOPE	596
TELL	350
TEMERITY	267
TEMPER	489
TEMPERAMENTAL	393
TEMPERATURE	460
TEMPEST	514
TEMPLE	547
TEMPT	437
TEMPTATION	391
TENDENCY	261
TENDER	429
TENNIS	634
TENSE	422
TENT	593
TENTATIVE	266
TENURE	286
TERM	387
TERRIBLE	422
TERRITORY	445
TERROR	483
TEST	528
TESTIMONY	377
TEXT	437
THAN	213
THANE	251
THAT	225
THAW	466
THE	209
THEFT	436
THEIR	255
THEM	368
THEME	395
THEN	204
THEOLOGIAN	416
THEORETICAL	334
THEORY	317
THERE	283
THEREFORE	243
THERMOMETER	581
THESE	267
THEY	312
THICK	468
THICKET	511
THIEF	529
THIMBLE	570
THIN	502
THING	358
THINK	384
THINKER	405
THIRSTY	482
THIS	279
THISTLE	624
THONG	448
THORN	600
THOSE	247
THOUGHT	348
THOUGHTFUL	390
THREAD	568
THREAT	408
THREE	495
THREW	421
THRIFTY	381
THRILL	483
THROAT	561
THROE	299
THRONG	452
THROUGH	320
THROW	477
THUD	453
THUMB	599
THUNDER	554
THUS	267
THWART	324
THYME	470
TICKER	385
TICKET	574
TICKLE	492
TIDBIT	448
TIDE	530
TIDY	478
TIE	551
TIGER	606
TIGHT	495
TILL	364
TIMBER	553
TIME	413
TIMEPIECE	568
TIMID	404
TIN	532
TING	316
TIP	483
TIRE	511
TIRED	419
TIRESOME	361
TITLE	413
TO	220
TOAD	591
TOAST	594
TOASTER	580
TOBACCO	601
TOE	620
TOGA	519
TOGETHER	426
TOIL	393
TOILET	603
TOKEN	416
TOLD	286
TOLERANT	335
TOLL	419
TOMAHAWK	619
TOMATO	610
TOMB	596
TON	475
TONGUE	621
TOO	261
TOOL	538
TOOTH	624
TOP	486
TOPIC	364
TOPPED	348
TORMENT	386
TORNADO	591
TORTOISE	539
TORTURE	533
TOUCH	456
TOUGH	486
TOURIST	577
TOW	406
TOWEL	570
TOWER	596
TOWN	553
TOY	569
TRACE	384
TRACK	499
TRACTION	479
TRACTOR	585
TRADE	390
TRADITION	354
TRAGEDY	478
TRAIL	525
TRAILER	587
TRAIN	593
TRAINER	482
TRAITOR	447
TRANCE	463
TRANQUIL	508
TRANSFER	313
TRANSFORM	305
TRANSFORMER	399
TRANSLATION	340
TRANSPORTATION	430
TRAPEZE	552
TRAPEZOID	518
TRASH	599
TRAVEL	506
TRAVELLER	491
TRAWL	352
TRAY	550
TREASON	363
TREASURER	493
TREAT	360
TREATMENT	408
TREATY	321
TREE	622
TRELLIS	544
TREMOR	491
TREMULOUS	324
TREND	373
TREY	287
TRIAL	516
TRIANGLE	597
TRIBE	515
TRIBUTE	386
TRICK	459
TRIED	303
TRIM	378
TRIP	520
TRIPOD	574
TRIUMPH	470
TRIUMPHANT	426
TROLLEY	585
TROMBONE	579
TROOP	498
TROUBLE	395
TROUPE	404
TROUT	617
TRUCE	481
TRUCK	621
TRUE	365
TRUISM	292
TRUMPET	628
TRUNK	529
TRUST	356
TRUSTWORTHY	337
TRUTH	374
TRY	318
TUBE	564
TUBERCULOSIS	426
TUCK	416
TUFF	366
TULIP	641
TUMBLE	461
TUN	235
TUNE	463
TUNIC	508
TUNNEL	578
TURMOIL	429
TURN	384
TURNER	345
TURPENTINE	587
TURTLE	564
TUSH	143
TUSK	538
TWANG	387
TWEED	540
TWEEZER	587
TWEEZERS	619
TWIG	555
TWILIGHT	588
TWIST	529
TWO	445
TYPE	395
TYPEWRITER	615
TYPHOON	536
TYPICAL	299
TYRANNY	386
TYRANT	494
UGLY	491
ULCER	516
UMBRELLA	592
UMPIRE	572
UNANIMITY	216
UNBELIEF	332
UNBELIEVER	328
UNCERTAINTY	283
UNCLE	574
UNCLEAN	424
UNCONCERN	322
UNCTION	213
UNDER	426
UNDERBRUSH	307
UNDERGRADUATE	518
UNDERSTANDING	377
UNDERTAKING	278
UNDERWORLD	448
UNDOING	283
UNDULATION	369
UNEASINESS	411
UNFAIR	264
UNHAPPINESS	461
UNIFICATION	323
UNIFORM	591
UNION	526
UNIQUE	379
UNIT	334
UNITE	474
UNIVERSAL	356
UNIVERSITY	615
UNJUST	366
UNKEMPT	393
UNLEARN	297
UNKNOWN	297
UNLIMITED	390
UNNATURAL	305
UNPLEASANT	356
UNPLEASANTNESS	425
UNPOPULAR	307
UNREALITY	295
UNREST	379
UNSTABLE	356
UNSUCCESSFUL	293
UNTIDY	458
UP	391
UPHEAVAL	424
UPHOLSTERY	478
UPKEEP	347
UPON	334
UPRIGHT	453
UPSET	416
UPWARDS	366
URBAN	476
URCHIN	529
URN	510
US	428
USED	344
USEFUL	334
USUAL	235
USURP	262
USURY	189
UTENSIL	534
UTTER	370
UTTERANCE	313
VACANT	475
VACATE	369
VACATION	559
VACCINATION	572
VACUUM	479
VAGUE	321
VAIN	351
VALE	421
VALLEY	600
VALOR	371
VALUABLE	422
VALUE	289
VAN	572
VANE	377
VANITY	406
VAPOUR	493
VARIETY	372
VARY	272
VASE	563
VAULT	550
VEAL	519
VEGETABLE	598
VEHICLE	593
VEIL	516
VEIN	546
VELOCITY	417
VELVET	569
VELVETEEN	470
VENOM	456
VENTURE	399
VERB	357
VERDICT	337
VERDANT	337
VERITY	240
VERSATILE	327
VERSE	489
VERTICAL	478
VERY	243
VESSEL	525
VEST	581
VESTAL	283
VESTIBULE	530
VESTMENT	365
VET	494
VETERAN	439
VETO	336
VIAL	424
VICE	413
VICIOUS	441
VICTIM	521
VICTORY	461
VIEW	430
VIGIL	426
VIGILANCE	383
VILE	444
VILLAGE	578
VINE	564
VINEGAR	562
VIOLATION	386
VIOLET	560
VIOLIN	606
VIRTUE	351
VISE	432
VISION	440
VISITOR	499
VISTA	322
VITRIOL	294
VIVACIOUS	407
VIVID	390
VOCATION	404
VODKA	613
VOICE	489
VOLCANO	627
VOLT	415
VOLUME	464
VOLUNTARY	327
VOTE	477
VOTER	486
VOW	389
VULGAR	420
WAD	370
WAFER	484
WAGE	466
WAIL	452
WAIST	530
WAIT	357
WAITING	383
WAIVE	350
WALK	505
WALKING	574
WALL	576
WALLET	617
WALNUT	590
WALRUS	590
WALTZ	524
WAMPUM	415
WAMUS	213
WAND	513
WANDER	406
WANT	361
WAR	551
WARBLER	541
WARE	399
WAREHOUSE	502
WARM	441
WARMTH	551
WARN	359
WARRIOR	553
WARY	315
WAS	264
WASH	522
WASTE	448
WASTEFUL	373
WATCH	525
WATER	632
WATT	370
WAVE	542
WAX	547
WAY	315
WE	389
WEAK	414
WEAKNESS	386
WEALTH	500
WEAPON	546
WEAR	328
WEATHER	537
WEB	602
WEDDING	594
WEED	596
WEEK	481
WEEP	523
WEEPING	499
WEIGH	411
WEIGHT	521
WEIRD	466
WELCOME	470
WELFARE	362
WELL	522
WELT	297
WENCH	520
WEPT	308
WENT	308
WERE	243
WEST	426
WET	509
WHACK	486
WHALE	623
WHALEBONE	470
WHARF	463
WHAT	249
WHEAT	577
WHEEL	576
WHEN	231
WHERE	255
WHERRY	156
WHETHER	207
WHICH	257
WHIFF	461
WHILE	302
WHIMPER	441
WHIP	579
WHIRL	499
WHISKER	542
WHISKEY	592
WHISPER	567
WHISTLE	574
WHISTLING	497
WHITE	566
WHITENESS	575
WHO	261
WHOLE	377
WHOLESALER	409
WHOM	301
WHOOP	426
WHY	251
WICK	535
WICKER	390
WICKET	473
WIDE	455
WIDOW	505
WIFE	575
WIG	587
WIGGLE	491
WIGWAM	593
WILD	500
WILDERNESS	564
WILL	322
WILLING	348
WILLOW	565
WIN	454
WIND	535
WINDOW	602
WINE	624
WING	584
WINK	501
WINTER	621
WIRE	564
WISDOM	381
WISE	412
WISH	399
WITAN	176
WITCH	589
WITH	287
WITHDRAWN	324
WITHER	438
WITHOUT	302
WITNESS	334
WITLESS	334
WITNESS	467
WITTY	380
WIZARD	551
WOE	348
WOLF	610
WOMAN	626
WOMB	529
WON	418
WONDER	402
WONDERFUL	404
WOOD	577
WOODLAND	608
WOOL	586
WORK	458
WORKER	486
WORKHOUSE	419
WORKING	458
WORLD	560
WORM	578
WORN	457
WORSE	339
WORTH	275
WOULD	211
WOUND	570
WRACK	424
WRAP	482
WRATH	377
WRECK	595
WREN	551
WREST	313
WRITE	548
WRITING	540
WRONG	344
WROTE	469
WRUNG	352
YACHT	624
YARD	568
YAWN	545
YEAR	428
YELL	501
YELLOW	598
YELP	499
YEOMAN	371
YET	237
YEW	467
YOKE	514
YOLK	530
YONDER	360
YORE	218
YOU	400
YOUNG	521
YOUNGER	391
YOUR	289
YOURSELF	426
YOUTH	507
YUCCA	167
ZEAL	347
ZEALOUS	337
ZENITH	449
ZERO	483
ZIPPER	632
ZODIAC	415
ZONE	432
ZOO	613
ZOOLOGIST	470
ZOOLOGY	364
