ABASEMENT	280
ABBESS	248
ABDICATION	472
ABDOMEN	475
ABDUCTION	480
ABERRATION	264
ABILITY	560
ABODE	664
ABYSS	588
ACCORDION	589
ACROBAT	567
ADAGE	300
ADMIRAL	611
ADVANTAGE	448
ADVERSITY	506
ADVICE	539
AFFECTION	636
AGILITY	575
AGONY	606
AGREEMENT	448
AIR	636
ALCOHOL	608
ALGEBRA	672
ALIMONY	572
ALLEGORY	448
ALLIGATOR	772
AMAZEMENT	450
AMBASSADOR	522
AMBULANCE	752
AMOUNT	584
AMOUR	508
AMPLIFIER	596
ANECDOTE	584
ANGER	583
ANGLE	624
ANIMAL	700
ANIMOSITY	519
ANKLE	682
ANSWER	604
ANTITOXIN	567
ANXIETY	569
APPEARANCE	568
APPLE	767
APPLIANCE	664
APTITUDE	525
ARBITER	371
ARM	692
ARMADILLO	438
ARMY	688
ARRAY	417
ARROW	680
ARTIST	665
ASSAULT	556
ATHLETICS	692
ATMOSPHERE	717
ATROCITY	417
ATTENDANT	450
ATTITUDE	560
ATTRIBUTE	383
AUTHOR	524
AUTOMOBILE	616
AVALANCHE	672
AVENUE	609
BABY	704
BACKGROUND	588
BACTERIA	612
BAGPIPE	700
BANALITY	312
BANDIT	692
BANKER	656
BANNER	620
BAR	608
BARD	480
BARNACLE	569
BARON	572
BARREL	616
BASEMENT	683
BEAST	608
BEAVER	819
BEGGAR	650
BELFRY	625
BELIEF	524
BEREAVEMENT	575
BETRAYAL	500
BEVERAGE	658
BIRD	788
BIVOUAC	536
BLACKSMITH	744
BLASPHEMY	519
BLESSING	619
BLISTER	713
BLOOD	656
BLOOM	512
BLOSSOM	760
BLUNDERBUSS	356
BOARD	692
BODY	561
BOOK	768
BOREDOM	463
BOSOM	550
BOSS	581
BOTTLE	724
BOULDER	588
BOUQUET	576
BOWL	724
BOY	696
BRAIN	680
BRASSIERE	475
BRAVERY	644
BREAST	581
BREEZE	733
BRONZE	619
BRUTALITY	506
BRUTE	608
BUFFOON	450
BUILDER	556
BUILDING	548
BULLET	768
BUNGALOW	548
BUSYBODY	550
BUTCHER	672
BUTTER	691
BUTTERFLY	780
CABIN	720
CAMOUFLAGE	638
CAMP	717
CANDIDATE	576
CANDY	639
CANE	748
CAPACITY	544
CAPTIVE	539
CAR	638
CARAVAN	652
CASEMENT	525
CASH	721
CAT	676
CATERPILLAR	688
CATTLE	756
CAUSALITY	438
CELL	752
CELLAR	679
CENTENNIAL	613
CEREBRUM	612
CEREMONY	517
CHAIR	720
CHANCE	561
CHAOS	588
CHARLATAN	319
CHARM	613
CHARTER	489
CHASM	604
CHIEF	608
CHILD	704
CHIN	528
CHLORIDE	575
CHRISTMAS	876
CHURCH	752
CIGAR	622
CIRCLE	488
CIRCUIT	638
CITATION	506
CITY	772
CLAW	667
CLEANNESS	564
CLEMENCY	394
CLOCK	708
CLOTHING	708
COAST	640
CODE	663
COFFEE	728
COIN	709
COLLEGE	728
COLONY	500
COMBUSTION	672
COMEDY	608
COMFORTER	619
COMMITTEE	595
COMPARISON	456
COMPETENCE	463
COMPETITION	569
COMRADE	558
COMRADESHIP	521
CONCEPT	376
CONFIDENCE	417
CONNOISSEUR	428
CONQUEST	581
CONTENTS	500
CONTEXT	444
CONTRACT	632
CONTRIBUTION	544
CONVENTION	492
CORD	600
CORE	511
CORN	696
CORNER	567
CORPSE	652
COST	624
COSTUME	619
COTTAGE	776
COTTON	713
COURTSHIP	613
COWHIDE	639
CRADLE	696
CRAG	544
CRANIUM	568
CREATOR	568
CREATURE	550
CRIME	684
CRISIS	544
CRITERION	300
CUISINE	632
CUSTOM	533
DAFFODIL	696
DALLIANCE	312
DAMSEL	612
DAWN	736
DAYBREAK	768
DAYLIGHT	580
DEATH	712
DEBACLE	192
DECEIT	492
DECORATION	584
DECREE	516
DEDUCTION	508
DEED	532
DELIRIUM	500
DELL	456
DELUGE	532
DEMOCRACY	572
DEMON	504
DERELICT	452
DESTRUCTION	532
DETERMINATION	464
DETONATION	548
DEVELOPMENT	604
DEVIL	694
DEVOTION	552
DIAMOND	784
DIFFUSION	567
DIRECTION	678
DIRT	644
DISASTER	656
DISCIPLINE	604
DISCLOSURE	356
DISCONNECTION	416
DISCOVERY	550
DISCRETION	420
DISEASE	744
DISPARITY	352
DISPOSITION	492
DISTINCTION	380
DISTRACTION	412
DISTURBER	460
DOCTOR	732
DOLL	612
DOLLAR	648
DOMICILE	496
DOOR	796
DOVE	636
DRAMA	700
DREAM	544
DREAMER	504
DRESS	568
DUMMY	488
DUST	684
DUTY	560
DWELLER	509
DYNASTY	628
EARTH	756
ECCENTRICITY	404
ECONOMY	588
EDIFICE	516
EDITION	588
EFFORT	575
EGO	572
ELABORATION	436
ELBOW	516
ELEPHANT	688
EMANCIPATION	520
EMBEZZLEMENT	554
EMERGENCY	628
EMPORIUM	404
ENCEPHALON	250
ENCORE	572
ENGAGEMENT	576
ENGINE	608
ENSEMBLE	480
ENTERPRISE	536
EPISODE	532
EPISTLE	563
EQUITY	372
ERRAND	648
ESSENCE	328
EVANGELIST	528
EVENT	504
EVIDENCE	620
EXACTITUDE	300
EXAMINATION	700
EXCLUSION	532
EXCUSE	404
EXERTION	600
EXHAUST	629
EXHAUSTION	608
EXPLANATION	580
EXPRESSION	613
EXTERMINATION	496
FABRIC	648
FACILITY	464
FACT	429
FACTORY	600
FALCONER	564
FALLACY	372
FANTASY	506
FATE	400
FATIGUE	388
FAULT	480
FELINE	542
FESTIVITY	640
FEUDALISM	580
FIGMENT	400
FIORD	648
FIRE	736
FIREPLACE	708
FIRMAMENT	496
FISHERMAN	784
FLAG	654
FLASK	628
FLESH	584
FLEXIBILITY	560
FLOOD	636
FLOWER	713
FOAM	644
FOIBLE	260
FOLLY	440
FOOTWEAR	738
FOREHEAD	508
FOREST	912
FORETHOUGHT	440
FORK	708
FORM	460
FORMATION	492
FORTUNE	600
FOWL	736
FOX	740
FRANCHISE	484
FREEDOM	636
FRICTION	528
FRIEND	640
FROG	656
FRONTAGE	536
FUN	550
FUNCTIONARY	429
FUR	736
FURNITURE	660
GADFLY	328
GAIETY	672
GALAXY	600
GALLERY	588
GARDEN	636
GARRET	412
GEESE	748
GEM	688
GENDER	541
GENIUS	550
GENTLEMAN	580
GHOST	600
GIFT	704
GILT	532
GINGHAM	565
GIRL	512
GIST	333
GLACIER	721
GLORY	588
GLUTTON	532
GOBLET	572
GODDESS	648
GOLD	636
GOLF	816
GORE	550
GRADUATION	628
GRANDMOTHER	608
GRASS	754
GRATITUDE	432
GRAVITY	624
GREED	552
GREEN	668
GRIEF	632
GYMNASTICS	552
HABITATION	526
HAIRPIN	600
HALL	616
HAMLET	656
HAMMER	692
HAPPINESS	600
HARDSHIP	548
HARDWOOD	546
HARNESS	620
HARP	600
HATRED	484
HEADQUARTERS	508
HEALTH	639
HEARING	664
HEAVEN	652
HENCHMAN	380
HEREDITY	564
HEROISM	584
HIDE	563
HIERARCHY	448
HINDRANCE	480
HINT	372
HISTORY	691
HOME	688
HOMICIDE	624
HONEYCOMB	578
HONOUR	508
HOOF	632
HOPE	552
HORSE	867
HORSEHAIR	620
HOSPITAL	744
HOSTAGE	640
HOSTILITY	564
HOTEL	596
HOUND	600
HOUR	556
HOUSE	683
HUMOUR	572
HURDLE	592
HURRICANE	704
HYPOTHESIS	536
IDEA	488
IDIOM	460
IGNORANCE	400
ILLUSION	467
IMMUNITY	576
IMPACT	571
IMPOTENCY	316
IMPROPRIETY	375
IMPULSE	496
INANITY	216
INCIDENT	416
INCLEMENCY	432
INCREMENT	372
INDUCEMENT	368
INDUSTRY	600
INEBRIETY	320
INFANT	720
INFECTION	612
INFIRMARY	665
INGRATITUDE	400
INHABITANT	533
INJURY	732
INK	696
INN	661
INSECT	632
INSOLENCE	476
INSTANCE	404
INSTITUTE	492
INSTRUCTOR	629
INSTRUMENT	672
INTELLECT	556
INTEREST	552
INTERIM	408
INTERVIEW	488
INTIMATE	513
INVESTIGATION	580
INVOICE	628
IRON	612
IRONY	524
ISLANDER	548
ITEM	496
JAIL	738
JEALOUSY	488
JELLY	600
JEOPARDY	348
JOKE	592
JOURNAL	588
JOVIALITY	520
JOY	652
JUDGE	704
JUGGLER	584
JURY	688
JUSTICE	660
KEG	484
KERCHIEF	648
KEROSENE	604
KETTLE	744
KINDNESS	484
KINE	288
KING	750
KISS	668
KNOWLEDGE	636
LABYRINTH	480
LAD	576
LAKE	922
LANDSCAPE	712
LARK	584
LAW	632
LAWN	728
LEADER	616
LEAFLET	492
LECTURE	572
LECTURER	588
LEGISLATION	592
LEMON	772
LEMONADE	713
LENGTH	584
LEOPARD	683
LETTER	596
LIBRARY	640
LICE	656
LIFE	678
LIMB	680
LIME	712
LIMELIGHT	472
LINK	520
LIP	532
LOBSTER	684
LOCKER	644
LOQUACITY	392
LORD	668
LOVE	644
LOYALTY	572
LUBRICANT	544
LUMP	544
MACARONI	600
MACHINE	588
MADNESS	516
MAGAZINE	652
MAGNITUDE	568
MAIDEN	504
MAJORITY	548
MAKER	500
MALADY	600
MALARIA	664
MALICE	456
MAMMAL	580
MANAGEMENT	568
MANTLE	592
MARKET	704
MARRIAGE	629
MAST	712
MASTER	528
MASTERY	546
MATERIAL	592
MATHEMATICS	688
MEADOW	800
MEAT	832
MEDALLION	632
MEETING	500
MEMORY	500
MENACE	504
MERCY	520
METAL	696
METHOD	520
METROPOLIS	628
MICROSCOPE	548
MILEAGE	672
MIND	588
MIRACLE	560
MIRAGE	563
MISCHIEF	544
MISCONCEPTION	396
MISERY	584
MISSILE	648
MOISTURE	672
MOLECULE	668
MOMENT	438
MONARCH	692
MONEY	668
MONK	592
MONTH	458
MOOD	536
MORAL	644
MORGUE	656
MOSQUITO	784
MOSS	704
MOTHER	583
MOUNTAIN	758
MUCOUS	638
MULE	612
MULTIPLICATION	600
MURDER	780
MUSICIAN	652
NAIL	608
NAMESAKE	420
NECESSITY	592
NECTAR	692
NEPHEW	448
NEWSPAPER	612
NIGHTFALL	652
NONSENSE	412
NOOSE	620
NUN	660
NURSERY	740
NUTMEG	560
NYMPH	536
OBEDIENCE	520
OBSESSION	416
OCCASION	500
OCEAN	876
OFFICER	543
OFFSHOOT	456
ONSLAUGHT	584
OPINION	496
OPIUM	588
OPPORTUNITY	408
ORCHESTRA	676
ORIGIN	532
ORIGINATOR	448
OSCULATION	371
OUTCOME	424
OUTSIDER	456
OVEN	808
OWNER	571
OWNERSHIP	520
OXYGEN	620
PACIFISM	380
PACT	512
PAINTER	640
PALACE	708
PANIC	672
PANORAMA	572
PAPER	768
PARTY	708
PASSION	568
PATENT	496
PEACEMAKER	508
PEACH	684
PELT	676
PENCIL	648
PEP	604
PEPPER	652
PERCEPTION	580
PERFORMER	648
PERIODICAL	552
PERJURY	592
PERMISSION	468
PERSON	568
PHANTOM	500
PHOTOGRAPH	672
PHYSICIAN	592
PIANIST	596
PIANO	640
PICTURE	716
PIPE	620
PISTON	740
PLAIN	520
PLANK	620
PLANT	832
PLEASURE	554
PLEDGE	592
POET	536
POETRY	624
POLE	620
POLICEMAN	696
POLLUTION	740
PORTAL	563
PORTRAIT	552
POSITION	624
POSTER	620
POTATO	713
POVERTY	544
POWER	588
PRAIRIE	816
PRAYER	663
PREDICAMENT	464
PRESENT	613
PRESSURE	580
PRESTIGE	456
PRIDE	524
PRIEST	688
PRISON	721
PRISONER	676
PROCESSION	563
PRODUCT	512
PROFESSION	544
PROFESSOR	540
PROFILE	560
PROMOTION	556
PROPERTY	576
PROPRIETOR	572
PROSECUTOR	632
PROSPERITY	544
PROXY	484
PUDDING	731
PUPIL	624
PYTHON	588
QUALITY	552
QUANTITY	417
QUEEN	736
QUEST	520
RACKETEER	556
RAILROAD	660
RATING	512
RATTLE	680
REACTION	484
RECITAL	556
RECOGNITION	504
REFLECTION	656
REFLEX	588
REFRIGERATOR	736
REMINDER	520
RENDEZVOUS	604
REPLACEMENT	540
REPTILE	652
RESEARCH	692
RESIDUE	448
RESTAURANT	688
RETAILER	676
REVOLT	560
REVOLVER	740
RHAPSODY	512
RHEUMATISM	648
RITUAL	512
RIVER	752
ROBBER	688
ROBBERY	616
ROCK	596
ROD	604
ROSIN	456
RUBBLE	540
SAFETY	576
SALAD	720
SALARY	508
SALOON	712
SALUTATION	524
SALUTE	652
SATIRE	564
SAUCE	588
SAVANT	388
SCARLET	580
SCIENCE	656
SCORPION	624
SEA	716
SEASON	788
SEAT	608
SEMESTER	548
SENSATION	516
SENTIMENT	488
SERF	675
SERIES	536
SESSION	540
SETTLEMENT	624
SETTLER	648
SHADOW	528
SHAME	516
SHEEPSKIN	644
SHIP	787
SHOCK	620
SHORE	813
SHRIEK	692
SICKNESS	636
SILENCE	582
SIMILE	525
SINGER	664
SITUATION	484
SKILLET	743
SKIN	567
SKULL	664
SKY	784
SLAVE	617
SLIPPER	604
SLUSH	680
SNAKE	688
SOBRIETY	452
SOCIALIST	454
SOIL	800
SONATA	556
SOUL	640
SPEAKER	554
SPEECH	536
SPINACH	708
SPIRE	472
SPIRIT	572
SPRAY	648
SPREE	579
SQUARE	544
STAIN	525
STAR	704
STEAM	746
STEAMER	632
STEERAGE	465
STONE	724
STORM	721
STRAWBERRY	671
STREET	748
STRENGTH	512
STRING	529
STUB	524
STUDENT	596
STYLE	584
SUBSTITUTE	448
SUBTRACTION	552
SUDS	729
SUGAR	700
SULPHUR	625
SULTAN	724
SUNBURN	772
SUNSET	696
SUPPLICATION	404
SUPPRESSION	389
SURTAX	296
SWAMP	667
TABLE	760
TABLESPOON	563
TANK	648
TEACHER	600
TEMERITY	204
TEMPEST	696
TEMPLE	675
TENDENCY	408
THEOLOGIAN	636
THEORY	588
THICKET	604
THIEF	650
THORN	644
THOUGHT	532
TICKET	721
TIDBIT	579
TIME	700
TIMEPIECE	608
TOAST	784
TOBACCO	784
TOMAHAWK	644
TOMB	604
TOOL	688
TOWER	642
TOY	696
TRACTION	640
TRAGEDY	584
TREE	679
TRELLIS	500
TRIBUTE	552
TRIPOD	576
TROUBLE	508
TRUCE	617
TRUCK	648
TRUMPET	680
TRUTH	478
TWEEZERS	580
TWILIGHT	656
TYPHOON	628
UMBRELLA	676
UNBELIEVER	472
UNDERWORLD	576
UNIFICATION	476
UNIT	480
UNIVERSITY	720
UNREALITY	492
UPKEEP	476
UTENSIL	608
VACCINATION	612
VACUUM	594
VALLEY	656
VANITY	492
VAPOUR	576
VEGETABLE	692
VEHICLE	708
VELOCITY	572
VENOM	640
VESSEL	782
VEST	596
VESTIBULE	600
VICTIM	536
VICTORY	612
VIGILANCE	572
VILLAGE	532
VIOLATION	592
VIRTUE	487
VISION	639
VOCATION	612
VOLCANO	760
VOLUME	616
WARBLER	579
WARMTH	736
WATER	750
WEAPON	784
WELFARE	616
WENCH	508
WHALE	724
WHALEBONE	704
WHEAT	796
WHOLESALER	488
WIFE	648
WIGWAM	588
WINDOW	676
WINE	754
WINTER	832
WOMAN	640
WORKHOUSE	488
WORLD	688
YACHT	720
